[{"model": "admin.logentry", "pk": 27, "fields": {"action_time": "2022-05-15T11:20:32.791Z", "user": 8, "content_type": 6, "object_id": "7", "object_repr": "이진한", "action_flag": 2, "change_message": "[{\"changed\": {\"fields\": [\"Connected user\", \"Email\", \"Nickname\"]}}]"}}, {"model": "admin.logentry", "pk": 28, "fields": {"action_time": "2022-05-15T11:21:21.983Z", "user": 8, "content_type": 6, "object_id": "7", "object_repr": "이진한", "action_flag": 3, "change_message": ""}}, {"model": "admin.logentry", "pk": 29, "fields": {"action_time": "2022-05-15T11:23:14.174Z", "user": 8, "content_type": 6, "object_id": "5", "object_repr": "", "action_flag": 3, "change_message": ""}}, {"model": "admin.logentry", "pk": 30, "fields": {"action_time": "2022-05-16T00:20:34.547Z", "user": 8, "content_type": 14, "object_id": "4", "object_repr": "ㅅㄷㄴㅅ", "action_flag": 3, "change_message": ""}}, {"model": "admin.logentry", "pk": 31, "fields": {"action_time": "2022-05-16T00:20:34.556Z", "user": 8, "content_type": 14, "object_id": "2", "object_repr": "tetst", "action_flag": 3, "change_message": ""}}, {"model": "admin.logentry", "pk": 32, "fields": {"action_time": "2022-05-16T00:20:34.558Z", "user": 8, "content_type": 14, "object_id": "1", "object_repr": "test 수정ㄴ", "action_flag": 3, "change_message": ""}}, {"model": "admin.logentry", "pk": 33, "fields": {"action_time": "2022-05-26T07:31:46.621Z", "user": 8, "content_type": 24, "object_id": "1", "object_repr": "강원과학고", "action_flag": 1, "change_message": "[{\"added\": {}}]"}}, {"model": "admin.logentry", "pk": 34, "fields": {"action_time": "2022-05-26T07:31:51.794Z", "user": 8, "content_type": 24, "object_id": "1", "object_repr": "강원과학고등학교", "action_flag": 2, "change_message": "[{\"changed\": {\"fields\": [\"Name\"]}}]"}}, {"model": "admin.logentry", "pk": 35, "fields": {"action_time": "2022-05-26T07:38:08.827Z", "user": 8, "content_type": 23, "object_id": "1", "object_repr": "Board object (1)", "action_flag": 1, "change_message": "[{\"added\": {}}]"}}, {"model": "admin.logentry", "pk": 36, "fields": {"action_time": "2022-05-27T04:06:43.390Z", "user": 8, "content_type": 24, "object_id": "2", "object_repr": "경기과학고등학교", "action_flag": 1, "change_message": "[{\"added\": {}}]"}}, {"model": "admin.logentry", "pk": 37, "fields": {"action_time": "2022-05-27T04:07:03.335Z", "user": 8, "content_type": 23, "object_id": "2", "object_repr": "경기과학고등학교2023", "action_flag": 1, "change_message": "[{\"added\": {}}]"}}, {"model": "admin.logentry", "pk": 38, "fields": {"action_time": "2022-05-27T04:07:47.369Z", "user": 8, "content_type": 23, "object_id": "3", "object_repr": "강원과학고등학교2022", "action_flag": 1, "change_message": "[{\"added\": {}}]"}}, {"model": "admin.logentry", "pk": 39, "fields": {"action_time": "2022-05-27T04:11:33.841Z", "user": 8, "content_type": 23, "object_id": "3", "object_repr": "강원과학고등학교2022", "action_flag": 2, "change_message": "[{\"changed\": {\"fields\": [\"Author\"]}}]"}}, {"model": "admin.logentry", "pk": 40, "fields": {"action_time": "2022-05-27T04:11:46.524Z", "user": 8, "content_type": 23, "object_id": "3", "object_repr": "강원과학고등학교2022", "action_flag": 2, "change_message": "[{\"changed\": {\"fields\": [\"Author\"]}}]"}}, {"model": "admin.logentry", "pk": 41, "fields": {"action_time": "2022-05-27T04:31:26.838Z", "user": 8, "content_type": 14, "object_id": "11", "object_repr": "ㅅㄷㄴㅅ", "action_flag": 1, "change_message": "[{\"added\": {}}]"}}, {"model": "admin.logentry", "pk": 42, "fields": {"action_time": "2022-05-30T04:27:43.926Z", "user": 8, "content_type": 14, "object_id": "12", "object_repr": "강원과고 2023 test", "action_flag": 1, "change_message": "[{\"added\": {}}]"}}, {"model": "admin.logentry", "pk": 43, "fields": {"action_time": "2022-05-30T13:32:31.495Z", "user": 8, "content_type": 24, "object_id": "3", "object_repr": "과학개그", "action_flag": 1, "change_message": "[{\"added\": {}}]"}}, {"model": "admin.logentry", "pk": 44, "fields": {"action_time": "2022-05-30T13:32:50.518Z", "user": 8, "content_type": 24, "object_id": "3", "object_repr": "과학개그", "action_flag": 3, "change_message": ""}}, {"model": "admin.logentry", "pk": 45, "fields": {"action_time": "2022-05-30T13:32:55.766Z", "user": 8, "content_type": 24, "object_id": "4", "object_repr": "과학유머", "action_flag": 1, "change_message": "[{\"added\": {}}]"}}, {"model": "admin.logentry", "pk": 46, "fields": {"action_time": "2022-05-30T13:33:20.138Z", "user": 8, "content_type": 23, "object_id": "4", "object_repr": "과학유머2022", "action_flag": 1, "change_message": "[{\"added\": {}}]"}}, {"model": "admin.logentry", "pk": 47, "fields": {"action_time": "2022-05-30T13:35:26.096Z", "user": 8, "content_type": 23, "object_id": "1", "object_repr": "강원과학고등학교2023", "action_flag": 2, "change_message": "[{\"changed\": {\"fields\": [\"Author\", \"First question\", \"Second question\"]}}]"}}, {"model": "admin.logentry", "pk": 48, "fields": {"action_time": "2022-05-30T13:39:52.786Z", "user": 8, "content_type": 23, "object_id": "1", "object_repr": "강원과학고등학교2023", "action_flag": 2, "change_message": "[]"}}, {"model": "admin.logentry", "pk": 49, "fields": {"action_time": "2022-05-30T13:42:17.367Z", "user": 8, "content_type": 23, "object_id": "1", "object_repr": "강원과학고등학교2023", "action_flag": 2, "change_message": "[{\"changed\": {\"fields\": [\"First question\"]}}]"}}, {"model": "admin.logentry", "pk": 50, "fields": {"action_time": "2022-05-31T05:29:37.514Z", "user": 8, "content_type": 23, "object_id": "8", "object_repr": "None2023", "action_flag": 3, "change_message": ""}}, {"model": "admin.logentry", "pk": 51, "fields": {"action_time": "2022-05-31T05:29:37.767Z", "user": 8, "content_type": 23, "object_id": "7", "object_repr": "None2023", "action_flag": 3, "change_message": ""}}, {"model": "admin.logentry", "pk": 52, "fields": {"action_time": "2022-05-31T05:29:37.841Z", "user": 8, "content_type": 23, "object_id": "6", "object_repr": "None2023", "action_flag": 3, "change_message": ""}}, {"model": "admin.logentry", "pk": 53, "fields": {"action_time": "2022-05-31T05:29:37.915Z", "user": 8, "content_type": 23, "object_id": "5", "object_repr": "None2023", "action_flag": 3, "change_message": ""}}, {"model": "admin.logentry", "pk": 54, "fields": {"action_time": "2022-06-02T08:40:45.481Z", "user": 8, "content_type": 14, "object_id": "22", "object_repr": "test", "action_flag": 1, "change_message": "[{\"added\": {}}]"}}, {"model": "admin.logentry", "pk": 55, "fields": {"action_time": "2022-06-02T09:02:51.355Z", "user": 8, "content_type": 25, "object_id": "1", "object_repr": "대회정보", "action_flag": 1, "change_message": "[{\"added\": {}}]"}}, {"model": "admin.logentry", "pk": 56, "fields": {"action_time": "2022-06-02T09:03:00.646Z", "user": 8, "content_type": 23, "object_id": "19", "object_repr": "None2023", "action_flag": 2, "change_message": "[{\"changed\": {\"fields\": [\"Category\"]}}]"}}, {"model": "admin.logentry", "pk": 57, "fields": {"action_time": "2022-06-02T09:03:57.810Z", "user": 8, "content_type": 24, "object_id": "7", "object_repr": "대회정보", "action_flag": 1, "change_message": "[{\"added\": {}}]"}}, {"model": "admin.logentry", "pk": 58, "fields": {"action_time": "2022-06-02T09:04:11.255Z", "user": 8, "content_type": 24, "object_id": "7", "object_repr": "대회정보", "action_flag": 3, "change_message": ""}}, {"model": "admin.logentry", "pk": 59, "fields": {"action_time": "2022-06-02T09:04:18.461Z", "user": 8, "content_type": 24, "object_id": "8", "object_repr": "학생과학발명품대회", "action_flag": 1, "change_message": "[{\"added\": {}}]"}}, {"model": "admin.logentry", "pk": 60, "fields": {"action_time": "2022-06-02T09:04:24.333Z", "user": 8, "content_type": 23, "object_id": "20", "object_repr": "학생과학발명품대회2023", "action_flag": 2, "change_message": "[{\"changed\": {\"fields\": [\"School\", \"Category\"]}}]"}}, {"model": "admin.logentry", "pk": 61, "fields": {"action_time": "2022-06-02T09:21:42.379Z", "user": 8, "content_type": 23, "object_id": "20", "object_repr": "학생과학발명품대회2023", "action_flag": 2, "change_message": "[]"}}, {"model": "admin.logentry", "pk": 62, "fields": {"action_time": "2022-06-02T09:22:04.002Z", "user": 8, "content_type": 25, "object_id": "2", "object_repr": "학교정보", "action_flag": 1, "change_message": "[{\"added\": {}}]"}}, {"model": "admin.logentry", "pk": 63, "fields": {"action_time": "2022-06-02T09:22:06.404Z", "user": 8, "content_type": 23, "object_id": "21", "object_repr": "공주대학교2023", "action_flag": 2, "change_message": "[{\"changed\": {\"fields\": [\"Category\"]}}]"}}, {"model": "admin.logentry", "pk": 64, "fields": {"action_time": "2022-06-02T09:22:17.821Z", "user": 8, "content_type": 25, "object_id": "3", "object_repr": "유머", "action_flag": 1, "change_message": "[{\"added\": {}}]"}}, {"model": "admin.logentry", "pk": 65, "fields": {"action_time": "2022-06-02T09:22:19.842Z", "user": 8, "content_type": 23, "object_id": "4", "object_repr": "과학유머2022", "action_flag": 2, "change_message": "[{\"changed\": {\"fields\": [\"Category\"]}}]"}}, {"model": "admin.logentry", "pk": 66, "fields": {"action_time": "2022-06-07T13:24:01.368Z", "user": 8, "content_type": 24, "object_id": "9", "object_repr": "건의,제보", "action_flag": 1, "change_message": "[{\"added\": {}}]"}}, {"model": "admin.logentry", "pk": 67, "fields": {"action_time": "2022-06-07T13:24:16.765Z", "user": 8, "content_type": 25, "object_id": "4", "object_repr": "건의,제보", "action_flag": 1, "change_message": "[{\"added\": {}}]"}}, {"model": "admin.logentry", "pk": 68, "fields": {"action_time": "2022-06-07T13:24:17.074Z", "user": 8, "content_type": 25, "object_id": "5", "object_repr": "건의,제보", "action_flag": 1, "change_message": "[{\"added\": {}}]"}}, {"model": "admin.logentry", "pk": 69, "fields": {"action_time": "2022-06-07T13:41:49.262Z", "user": 8, "content_type": 23, "object_id": "23", "object_repr": "건의,제보2022", "action_flag": 1, "change_message": "[{\"added\": {}}]"}}, {"model": "admin.logentry", "pk": 70, "fields": {"action_time": "2022-06-07T13:48:38.646Z", "user": 8, "content_type": 14, "object_id": "23", "object_repr": "건의 테스트", "action_flag": 1, "change_message": "[{\"added\": {}}]"}}, {"model": "admin.logentry", "pk": 71, "fields": {"action_time": "2022-06-07T13:48:53.392Z", "user": 8, "content_type": 14, "object_id": "23", "object_repr": "건의 테스트", "action_flag": 2, "change_message": "[{\"changed\": {\"fields\": [\"Source\"]}}]"}}, {"model": "admin.logentry", "pk": 72, "fields": {"action_time": "2022-06-07T13:52:31.667Z", "user": 8, "content_type": 14, "object_id": "23", "object_repr": "건의 테스트", "action_flag": 2, "change_message": "[{\"changed\": {\"fields\": [\"Public\"]}}]"}}, {"model": "admin.logentry", "pk": 73, "fields": {"action_time": "2022-06-08T22:43:15.784Z", "user": 8, "content_type": 26, "object_id": "1", "object_repr": "Notification object (1)", "action_flag": 1, "change_message": "[{\"added\": {}}]"}}, {"model": "admin.logentry", "pk": 74, "fields": {"action_time": "2022-06-09T14:35:50.398Z", "user": 8, "content_type": 26, "object_id": "2", "object_repr": "tata", "action_flag": 1, "change_message": "[{\"added\": {}}]"}}, {"model": "admin.logentry", "pk": 75, "fields": {"action_time": "2022-06-09T14:35:50.961Z", "user": 8, "content_type": 26, "object_id": "3", "object_repr": "tata", "action_flag": 1, "change_message": "[{\"added\": {}}]"}}, {"model": "admin.logentry", "pk": 76, "fields": {"action_time": "2022-06-10T12:17:58.315Z", "user": 8, "content_type": 26, "object_id": "3", "object_repr": "tata", "action_flag": 2, "change_message": "[{\"changed\": {\"fields\": [\"From user\"]}}]"}}, {"model": "admin.logentry", "pk": 77, "fields": {"action_time": "2022-06-10T12:18:03.066Z", "user": 8, "content_type": 26, "object_id": "2", "object_repr": "tata", "action_flag": 2, "change_message": "[{\"changed\": {\"fields\": [\"From user\"]}}]"}}, {"model": "admin.logentry", "pk": 78, "fields": {"action_time": "2022-06-10T12:18:07.511Z", "user": 8, "content_type": 26, "object_id": "1", "object_repr": "test", "action_flag": 2, "change_message": "[{\"changed\": {\"fields\": [\"From user\"]}}]"}}, {"model": "admin.logentry", "pk": 79, "fields": {"action_time": "2022-06-10T12:34:50.908Z", "user": 8, "content_type": 26, "object_id": "1", "object_repr": "test", "action_flag": 2, "change_message": "[{\"changed\": {\"fields\": [\"Type\"]}}]"}}, {"model": "admin.logentry", "pk": 80, "fields": {"action_time": "2022-06-10T12:38:54.473Z", "user": 8, "content_type": 26, "object_id": "3", "object_repr": "tata", "action_flag": 2, "change_message": "[{\"changed\": {\"fields\": [\"Type\"]}}]"}}, {"model": "admin.logentry", "pk": 81, "fields": {"action_time": "2022-06-10T12:39:02.243Z", "user": 8, "content_type": 26, "object_id": "1", "object_repr": "test", "action_flag": 2, "change_message": "[]"}}, {"model": "admin.logentry", "pk": 82, "fields": {"action_time": "2022-06-10T12:39:13.710Z", "user": 8, "content_type": 26, "object_id": "2", "object_repr": "tata", "action_flag": 2, "change_message": "[{\"changed\": {\"fields\": [\"Type\"]}}]"}}, {"model": "admin.logentry", "pk": 83, "fields": {"action_time": "2022-06-10T12:53:50.507Z", "user": 8, "content_type": 26, "object_id": "4", "object_repr": "aassddf", "action_flag": 1, "change_message": "[{\"added\": {}}]"}}, {"model": "admin.logentry", "pk": 84, "fields": {"action_time": "2022-06-10T12:54:47.503Z", "user": 8, "content_type": 26, "object_id": "4", "object_repr": "aassddf", "action_flag": 2, "change_message": "[{\"changed\": {\"fields\": [\"Type\"]}}]"}}, {"model": "admin.logentry", "pk": 85, "fields": {"action_time": "2022-06-14T03:44:31.572Z", "user": 8, "content_type": 24, "object_id": "10", "object_repr": "학교 실험용", "action_flag": 1, "change_message": "[{\"added\": {}}]"}}, {"model": "admin.logentry", "pk": 86, "fields": {"action_time": "2022-06-14T03:44:39.435Z", "user": 8, "content_type": 23, "object_id": "24", "object_repr": "학교 실험용2023", "action_flag": 1, "change_message": "[{\"added\": {}}]"}}, {"model": "admin.logentry", "pk": 87, "fields": {"action_time": "2022-06-14T04:46:19.674Z", "user": 8, "content_type": 14, "object_id": "25", "object_repr": "ㄴㅁㅇㄹㄴㅇ", "action_flag": 1, "change_message": "[{\"added\": {}}]"}}, {"model": "admin.logentry", "pk": 88, "fields": {"action_time": "2022-06-17T03:39:45.802Z", "user": 8, "content_type": 26, "object_id": "5", "object_repr": "aaaaaaaaaaaaaaaaaaaaaaaaaaaaaaaaaaaaaaaaaaaaaaaaaaaaaaaaaaaaaa", "action_flag": 1, "change_message": "[{\"added\": {}}]"}}, {"model": "admin.logentry", "pk": 89, "fields": {"action_time": "2022-06-17T03:40:06.640Z", "user": 8, "content_type": 26, "object_id": "5", "object_repr": "aaaaaaaaaaaaaaaaaaaaaaaaaaaaaaaaaaaaaaaaaaaaaaaaaaaaaaaaaaaaaa", "action_flag": 2, "change_message": "[{\"changed\": {\"fields\": [\"Type\"]}}]"}}, {"model": "admin.logentry", "pk": 90, "fields": {"action_time": "2022-08-31T02:09:42.641Z", "user": 8, "content_type": 25, "object_id": "2", "object_repr": "school_info", "action_flag": 2, "change_message": "[{\"changed\": {\"fields\": [\"Name\"]}}]"}}, {"model": "admin.logentry", "pk": 91, "fields": {"action_time": "2022-08-31T02:10:15.686Z", "user": 8, "content_type": 25, "object_id": "3", "object_repr": "humor_science", "action_flag": 2, "change_message": "[{\"changed\": {\"fields\": [\"Name\"]}}]"}}, {"model": "admin.logentry", "pk": 92, "fields": {"action_time": "2022-08-31T02:10:46.089Z", "user": 8, "content_type": 25, "object_id": "1", "object_repr": "contest_info", "action_flag": 2, "change_message": "[{\"changed\": {\"fields\": [\"Name\"]}}]"}}, {"model": "admin.logentry", "pk": 93, "fields": {"action_time": "2022-08-31T02:11:05.448Z", "user": 8, "content_type": 25, "object_id": "4", "object_repr": "suggestion", "action_flag": 2, "change_message": "[{\"changed\": {\"fields\": [\"Name\"]}}]"}}, {"model": "admin.logentry", "pk": 94, "fields": {"action_time": "2022-08-31T02:13:17.381Z", "user": 8, "content_type": 23, "object_id": "23", "object_repr": "건의,제보2022", "action_flag": 2, "change_message": "[{\"changed\": {\"fields\": [\"Category\", \"Interest users\"]}}]"}}, {"model": "admin.logentry", "pk": 95, "fields": {"action_time": "2022-08-31T02:14:15.996Z", "user": 8, "content_type": 35, "object_id": "1", "object_repr": "원주중학교2022", "action_flag": 1, "change_message": "[{\"added\": {}}]"}}, {"model": "admin.logentry", "pk": 96, "fields": {"action_time": "2022-08-31T03:30:00.894Z", "user": 8, "content_type": 37, "object_id": "1", "object_repr": "Student object (1)", "action_flag": 2, "change_message": "[{\"changed\": {\"fields\": [\"User\", \"Code\"]}}]"}}, {"model": "admin.logentry", "pk": 97, "fields": {"action_time": "2022-08-31T03:30:21.397Z", "user": 8, "content_type": 37, "object_id": "1", "object_repr": "Student object (1)", "action_flag": 2, "change_message": "[{\"changed\": {\"fields\": [\"User\", \"Obtained\"]}}]"}}, {"model": "admin.logentry", "pk": 98, "fields": {"action_time": "2022-08-31T03:31:19.571Z", "user": 8, "content_type": 37, "object_id": "1", "object_repr": "Student object (1)", "action_flag": 2, "change_message": "[{\"changed\": {\"fields\": [\"Obtained\", \"Code\"]}}]"}}, {"model": "admin.logentry", "pk": 99, "fields": {"action_time": "2022-08-31T03:39:15.512Z", "user": 8, "content_type": 37, "object_id": "1", "object_repr": "Student object (1)", "action_flag": 2, "change_message": "[{\"changed\": {\"fields\": [\"Admin\"]}}]"}}, {"model": "admin.logentry", "pk": 100, "fields": {"action_time": "2022-08-31T03:41:41.316Z", "user": 8, "content_type": 6, "object_id": "8", "object_repr": "진한쌤", "action_flag": 2, "change_message": "[{\"changed\": {\"fields\": [\"Student\"]}}]"}}, {"model": "admin.logentry", "pk": 101, "fields": {"action_time": "2022-09-02T05:22:09.274Z", "user": 8, "content_type": 39, "object_id": "1", "object_repr": "AnnoIndividual object (1)", "action_flag": 1, "change_message": "[{\"added\": {}}]"}}, {"model": "admin.logentry", "pk": 102, "fields": {"action_time": "2022-09-02T05:22:28.359Z", "user": 8, "content_type": 39, "object_id": "1", "object_repr": "AnnoIndividual object (1)", "action_flag": 2, "change_message": "[]"}}, {"model": "admin.logentry", "pk": 103, "fields": {"action_time": "2022-09-02T07:33:25.012Z", "user": 8, "content_type": 39, "object_id": "1", "object_repr": "하나", "action_flag": 2, "change_message": "[{\"changed\": {\"fields\": [\"Check\"]}}]"}}, {"model": "admin.logentry", "pk": 104, "fields": {"action_time": "2022-09-02T07:52:34.035Z", "user": 8, "content_type": 39, "object_id": "1", "object_repr": "하나", "action_flag": 2, "change_message": "[{\"changed\": {\"fields\": [\"Check\"]}}]"}}, {"model": "admin.logentry", "pk": 105, "fields": {"action_time": "2022-09-02T08:01:26.622Z", "user": 8, "content_type": 38, "object_id": "6", "object_repr": "전체공지", "action_flag": 3, "change_message": ""}}, {"model": "admin.logentry", "pk": 106, "fields": {"action_time": "2022-09-02T08:01:26.628Z", "user": 8, "content_type": 38, "object_id": "5", "object_repr": "전체공지", "action_flag": 3, "change_message": ""}}, {"model": "admin.logentry", "pk": 107, "fields": {"action_time": "2022-09-02T08:01:26.632Z", "user": 8, "content_type": 38, "object_id": "4", "object_repr": "전체공지", "action_flag": 3, "change_message": ""}}, {"model": "admin.logentry", "pk": 108, "fields": {"action_time": "2022-09-06T04:19:41.410Z", "user": 8, "content_type": 6, "object_id": "8", "object_repr": "진한쌤", "action_flag": 2, "change_message": "[{\"changed\": {\"fields\": [\"Email check\"]}}]"}}, {"model": "admin.logentry", "pk": 109, "fields": {"action_time": "2022-09-07T01:23:01.069Z", "user": 8, "content_type": 6, "object_id": "10", "object_repr": "이진한 네이버?", "action_flag": 2, "change_message": "[{\"changed\": {\"fields\": [\"Connected user\", \"Nickname\"]}}]"}}, {"model": "admin.logentry", "pk": 110, "fields": {"action_time": "2022-09-07T01:23:38.080Z", "user": 8, "content_type": 6, "object_id": "6", "object_repr": "이진한 네이버", "action_flag": 2, "change_message": "[{\"changed\": {\"fields\": [\"Connected user\", \"Nickname\"]}}]"}}, {"model": "admin.logentry", "pk": 111, "fields": {"action_time": "2022-09-08T05:06:34.664Z", "user": 8, "content_type": 33, "object_id": "4", "object_repr": "원주중학교2022/1학년8반과학테스트", "action_flag": 3, "change_message": ""}}, {"model": "admin.logentry", "pk": 112, "fields": {"action_time": "2022-09-08T05:06:34.669Z", "user": 8, "content_type": 33, "object_id": "3", "object_repr": "원주중학교2022/3학년3반과학테스트", "action_flag": 3, "change_message": ""}}, {"model": "admin.logentry", "pk": 113, "fields": {"action_time": "2022-09-08T05:06:34.672Z", "user": 8, "content_type": 33, "object_id": "2", "object_repr": "원주중학교2022/1학년1반과학테스트", "action_flag": 3, "change_message": ""}}, {"model": "admin.logentry", "pk": 114, "fields": {"action_time": "2022-09-08T05:06:34.677Z", "user": 8, "content_type": 33, "object_id": "1", "object_repr": "원주중학교2022/2학년4반과학테스트", "action_flag": 3, "change_message": ""}}, {"model": "admin.logentry", "pk": 115, "fields": {"action_time": "2022-09-08T05:06:41.979Z", "user": 8, "content_type": 34, "object_id": "4", "object_repr": "원주중학교2022/1학년8반", "action_flag": 3, "change_message": ""}}, {"model": "admin.logentry", "pk": 116, "fields": {"action_time": "2022-09-08T05:06:41.984Z", "user": 8, "content_type": 34, "object_id": "3", "object_repr": "원주중학교2022/3학년3반", "action_flag": 3, "change_message": ""}}, {"model": "admin.logentry", "pk": 117, "fields": {"action_time": "2022-09-08T05:06:41.988Z", "user": 8, "content_type": 34, "object_id": "2", "object_repr": "원주중학교2022/1학년1반", "action_flag": 3, "change_message": ""}}, {"model": "admin.logentry", "pk": 118, "fields": {"action_time": "2022-09-08T05:06:41.991Z", "user": 8, "content_type": 34, "object_id": "1", "object_repr": "원주중학교2022/2학년4반", "action_flag": 3, "change_message": ""}}, {"model": "admin.logentry", "pk": 119, "fields": {"action_time": "2022-09-08T05:10:28.649Z", "user": 8, "content_type": 36, "object_id": "6", "object_repr": "방규종", "action_flag": 3, "change_message": ""}}, {"model": "admin.logentry", "pk": 120, "fields": {"action_time": "2022-09-08T05:10:28.653Z", "user": 8, "content_type": 36, "object_id": "5", "object_repr": "이정은", "action_flag": 3, "change_message": ""}}, {"model": "admin.logentry", "pk": 121, "fields": {"action_time": "2022-09-08T05:10:28.657Z", "user": 8, "content_type": 36, "object_id": "4", "object_repr": "이진한", "action_flag": 3, "change_message": ""}}, {"model": "admin.logentry", "pk": 122, "fields": {"action_time": "2022-09-08T05:10:28.661Z", "user": 8, "content_type": 36, "object_id": "3", "object_repr": "전유성", "action_flag": 3, "change_message": ""}}, {"model": "admin.logentry", "pk": 123, "fields": {"action_time": "2022-09-08T05:10:28.664Z", "user": 8, "content_type": 36, "object_id": "2", "object_repr": "전다인", "action_flag": 3, "change_message": ""}}, {"model": "admin.logentry", "pk": 124, "fields": {"action_time": "2022-09-08T05:10:28.668Z", "user": 8, "content_type": 36, "object_id": "1", "object_repr": "1", "action_flag": 3, "change_message": ""}}, {"model": "admin.logentry", "pk": 125, "fields": {"action_time": "2022-09-08T05:33:16.515Z", "user": 8, "content_type": 33, "object_id": "9", "object_repr": "1학년7반과학", "action_flag": 3, "change_message": ""}}, {"model": "admin.logentry", "pk": 126, "fields": {"action_time": "2022-09-08T05:33:16.520Z", "user": 8, "content_type": 33, "object_id": "8", "object_repr": "1학년6반과학", "action_flag": 3, "change_message": ""}}, {"model": "admin.logentry", "pk": 127, "fields": {"action_time": "2022-09-08T05:33:16.524Z", "user": 8, "content_type": 33, "object_id": "7", "object_repr": "2학년3반과학", "action_flag": 3, "change_message": ""}}, {"model": "admin.logentry", "pk": 128, "fields": {"action_time": "2022-09-08T05:33:16.528Z", "user": 8, "content_type": 33, "object_id": "6", "object_repr": "2학년2반과학", "action_flag": 3, "change_message": ""}}, {"model": "admin.logentry", "pk": 129, "fields": {"action_time": "2022-09-08T05:33:16.534Z", "user": 8, "content_type": 33, "object_id": "5", "object_repr": "2학년1반과학", "action_flag": 3, "change_message": ""}}, {"model": "admin.logentry", "pk": 130, "fields": {"action_time": "2022-09-08T05:33:23.186Z", "user": 8, "content_type": 34, "object_id": "9", "object_repr": "1학년7반", "action_flag": 3, "change_message": ""}}, {"model": "admin.logentry", "pk": 131, "fields": {"action_time": "2022-09-08T05:33:23.192Z", "user": 8, "content_type": 34, "object_id": "8", "object_repr": "1학년6반", "action_flag": 3, "change_message": ""}}, {"model": "admin.logentry", "pk": 132, "fields": {"action_time": "2022-09-08T05:33:23.196Z", "user": 8, "content_type": 34, "object_id": "7", "object_repr": "2학년3반", "action_flag": 3, "change_message": ""}}, {"model": "admin.logentry", "pk": 133, "fields": {"action_time": "2022-09-08T05:33:23.201Z", "user": 8, "content_type": 34, "object_id": "6", "object_repr": "2학년2반", "action_flag": 3, "change_message": ""}}, {"model": "admin.logentry", "pk": 134, "fields": {"action_time": "2022-09-08T05:33:23.204Z", "user": 8, "content_type": 34, "object_id": "5", "object_repr": "2학년1반", "action_flag": 3, "change_message": ""}}, {"model": "auth.permission", "pk": 1, "fields": {"name": "Can add log entry", "content_type": 1, "codename": "add_logentry"}}, {"model": "auth.permission", "pk": 2, "fields": {"name": "Can change log entry", "content_type": 1, "codename": "change_logentry"}}, {"model": "auth.permission", "pk": 3, "fields": {"name": "Can delete log entry", "content_type": 1, "codename": "delete_logentry"}}, {"model": "auth.permission", "pk": 4, "fields": {"name": "Can view log entry", "content_type": 1, "codename": "view_logentry"}}, {"model": "auth.permission", "pk": 5, "fields": {"name": "Can add permission", "content_type": 2, "codename": "add_permission"}}, {"model": "auth.permission", "pk": 6, "fields": {"name": "Can change permission", "content_type": 2, "codename": "change_permission"}}, {"model": "auth.permission", "pk": 7, "fields": {"name": "Can delete permission", "content_type": 2, "codename": "delete_permission"}}, {"model": "auth.permission", "pk": 8, "fields": {"name": "Can view permission", "content_type": 2, "codename": "view_permission"}}, {"model": "auth.permission", "pk": 9, "fields": {"name": "Can add group", "content_type": 3, "codename": "add_group"}}, {"model": "auth.permission", "pk": 10, "fields": {"name": "Can change group", "content_type": 3, "codename": "change_group"}}, {"model": "auth.permission", "pk": 11, "fields": {"name": "Can delete group", "content_type": 3, "codename": "delete_group"}}, {"model": "auth.permission", "pk": 12, "fields": {"name": "Can view group", "content_type": 3, "codename": "view_group"}}, {"model": "auth.permission", "pk": 13, "fields": {"name": "Can add content type", "content_type": 4, "codename": "add_contenttype"}}, {"model": "auth.permission", "pk": 14, "fields": {"name": "Can change content type", "content_type": 4, "codename": "change_contenttype"}}, {"model": "auth.permission", "pk": 15, "fields": {"name": "Can delete content type", "content_type": 4, "codename": "delete_contenttype"}}, {"model": "auth.permission", "pk": 16, "fields": {"name": "Can view content type", "content_type": 4, "codename": "view_contenttype"}}, {"model": "auth.permission", "pk": 17, "fields": {"name": "Can add session", "content_type": 5, "codename": "add_session"}}, {"model": "auth.permission", "pk": 18, "fields": {"name": "Can change session", "content_type": 5, "codename": "change_session"}}, {"model": "auth.permission", "pk": 19, "fields": {"name": "Can delete session", "content_type": 5, "codename": "delete_session"}}, {"model": "auth.permission", "pk": 20, "fields": {"name": "Can view session", "content_type": 5, "codename": "view_session"}}, {"model": "auth.permission", "pk": 21, "fields": {"name": "Can add user", "content_type": 6, "codename": "add_user"}}, {"model": "auth.permission", "pk": 22, "fields": {"name": "Can change user", "content_type": 6, "codename": "change_user"}}, {"model": "auth.permission", "pk": 23, "fields": {"name": "Can delete user", "content_type": 6, "codename": "delete_user"}}, {"model": "auth.permission", "pk": 24, "fields": {"name": "Can view user", "content_type": 6, "codename": "view_user"}}, {"model": "auth.permission", "pk": 25, "fields": {"name": "Can add site", "content_type": 7, "codename": "add_site"}}, {"model": "auth.permission", "pk": 26, "fields": {"name": "Can change site", "content_type": 7, "codename": "change_site"}}, {"model": "auth.permission", "pk": 27, "fields": {"name": "Can delete site", "content_type": 7, "codename": "delete_site"}}, {"model": "auth.permission", "pk": 28, "fields": {"name": "Can view site", "content_type": 7, "codename": "view_site"}}, {"model": "auth.permission", "pk": 29, "fields": {"name": "Can add email address", "content_type": 8, "codename": "add_emailaddress"}}, {"model": "auth.permission", "pk": 30, "fields": {"name": "Can change email address", "content_type": 8, "codename": "change_emailaddress"}}, {"model": "auth.permission", "pk": 31, "fields": {"name": "Can delete email address", "content_type": 8, "codename": "delete_emailaddress"}}, {"model": "auth.permission", "pk": 32, "fields": {"name": "Can view email address", "content_type": 8, "codename": "view_emailaddress"}}, {"model": "auth.permission", "pk": 33, "fields": {"name": "Can add email confirmation", "content_type": 9, "codename": "add_emailconfirmation"}}, {"model": "auth.permission", "pk": 34, "fields": {"name": "Can change email confirmation", "content_type": 9, "codename": "change_emailconfirmation"}}, {"model": "auth.permission", "pk": 35, "fields": {"name": "Can delete email confirmation", "content_type": 9, "codename": "delete_emailconfirmation"}}, {"model": "auth.permission", "pk": 36, "fields": {"name": "Can view email confirmation", "content_type": 9, "codename": "view_emailconfirmation"}}, {"model": "auth.permission", "pk": 37, "fields": {"name": "Can add social account", "content_type": 10, "codename": "add_socialaccount"}}, {"model": "auth.permission", "pk": 38, "fields": {"name": "Can change social account", "content_type": 10, "codename": "change_socialaccount"}}, {"model": "auth.permission", "pk": 39, "fields": {"name": "Can delete social account", "content_type": 10, "codename": "delete_socialaccount"}}, {"model": "auth.permission", "pk": 40, "fields": {"name": "Can view social account", "content_type": 10, "codename": "view_socialaccount"}}, {"model": "auth.permission", "pk": 41, "fields": {"name": "Can add social application", "content_type": 11, "codename": "add_socialapp"}}, {"model": "auth.permission", "pk": 42, "fields": {"name": "Can change social application", "content_type": 11, "codename": "change_socialapp"}}, {"model": "auth.permission", "pk": 43, "fields": {"name": "Can delete social application", "content_type": 11, "codename": "delete_socialapp"}}, {"model": "auth.permission", "pk": 44, "fields": {"name": "Can view social application", "content_type": 11, "codename": "view_socialapp"}}, {"model": "auth.permission", "pk": 45, "fields": {"name": "Can add social application token", "content_type": 12, "codename": "add_socialtoken"}}, {"model": "auth.permission", "pk": 46, "fields": {"name": "Can change social application token", "content_type": 12, "codename": "change_socialtoken"}}, {"model": "auth.permission", "pk": 47, "fields": {"name": "Can delete social application token", "content_type": 12, "codename": "delete_socialtoken"}}, {"model": "auth.permission", "pk": 48, "fields": {"name": "Can view social application token", "content_type": 12, "codename": "view_socialtoken"}}, {"model": "auth.permission", "pk": 49, "fields": {"name": "Can add answer", "content_type": 13, "codename": "add_answer"}}, {"model": "auth.permission", "pk": 50, "fields": {"name": "Can change answer", "content_type": 13, "codename": "change_answer"}}, {"model": "auth.permission", "pk": 51, "fields": {"name": "Can delete answer", "content_type": 13, "codename": "delete_answer"}}, {"model": "auth.permission", "pk": 52, "fields": {"name": "Can view answer", "content_type": 13, "codename": "view_answer"}}, {"model": "auth.permission", "pk": 53, "fields": {"name": "Can add posting", "content_type": 14, "codename": "add_posting"}}, {"model": "auth.permission", "pk": 54, "fields": {"name": "Can change posting", "content_type": 14, "codename": "change_posting"}}, {"model": "auth.permission", "pk": 55, "fields": {"name": "Can delete posting", "content_type": 14, "codename": "delete_posting"}}, {"model": "auth.permission", "pk": 56, "fields": {"name": "Can view posting", "content_type": 14, "codename": "view_posting"}}, {"model": "auth.permission", "pk": 57, "fields": {"name": "Can add comment", "content_type": 15, "codename": "add_comment"}}, {"model": "auth.permission", "pk": 58, "fields": {"name": "Can change comment", "content_type": 15, "codename": "change_comment"}}, {"model": "auth.permission", "pk": 59, "fields": {"name": "Can delete comment", "content_type": 15, "codename": "delete_comment"}}, {"model": "auth.permission", "pk": 60, "fields": {"name": "Can view comment", "content_type": 15, "codename": "view_comment"}}, {"model": "auth.permission", "pk": 61, "fields": {"name": "Can add tag", "content_type": 16, "codename": "add_tag"}}, {"model": "auth.permission", "pk": 62, "fields": {"name": "Can change tag", "content_type": 16, "codename": "change_tag"}}, {"model": "auth.permission", "pk": 63, "fields": {"name": "Can delete tag", "content_type": 16, "codename": "delete_tag"}}, {"model": "auth.permission", "pk": 64, "fields": {"name": "Can view tag", "content_type": 16, "codename": "view_tag"}}, {"model": "auth.permission", "pk": 65, "fields": {"name": "Can add posting like", "content_type": 17, "codename": "add_postinglike"}}, {"model": "auth.permission", "pk": 66, "fields": {"name": "Can change posting like", "content_type": 17, "codename": "change_postinglike"}}, {"model": "auth.permission", "pk": 67, "fields": {"name": "Can delete posting like", "content_type": 17, "codename": "delete_postinglike"}}, {"model": "auth.permission", "pk": 68, "fields": {"name": "Can view posting like", "content_type": 17, "codename": "view_postinglike"}}, {"model": "auth.permission", "pk": 69, "fields": {"name": "Can add posting dislike", "content_type": 18, "codename": "add_postingdislike"}}, {"model": "auth.permission", "pk": 70, "fields": {"name": "Can change posting dislike", "content_type": 18, "codename": "change_postingdislike"}}, {"model": "auth.permission", "pk": 71, "fields": {"name": "Can delete posting dislike", "content_type": 18, "codename": "delete_postingdislike"}}, {"model": "auth.permission", "pk": 72, "fields": {"name": "Can view posting dislike", "content_type": 18, "codename": "view_postingdislike"}}, {"model": "auth.permission", "pk": 73, "fields": {"name": "Can add answer", "content_type": 19, "codename": "add_answer"}}, {"model": "auth.permission", "pk": 74, "fields": {"name": "Can change answer", "content_type": 19, "codename": "change_answer"}}, {"model": "auth.permission", "pk": 75, "fields": {"name": "Can delete answer", "content_type": 19, "codename": "delete_answer"}}, {"model": "auth.permission", "pk": 76, "fields": {"name": "Can view answer", "content_type": 19, "codename": "view_answer"}}, {"model": "auth.permission", "pk": 77, "fields": {"name": "Can add posting", "content_type": 20, "codename": "add_posting"}}, {"model": "auth.permission", "pk": 78, "fields": {"name": "Can change posting", "content_type": 20, "codename": "change_posting"}}, {"model": "auth.permission", "pk": 79, "fields": {"name": "Can delete posting", "content_type": 20, "codename": "delete_posting"}}, {"model": "auth.permission", "pk": 80, "fields": {"name": "Can view posting", "content_type": 20, "codename": "view_posting"}}, {"model": "auth.permission", "pk": 81, "fields": {"name": "Can add comment", "content_type": 21, "codename": "add_comment"}}, {"model": "auth.permission", "pk": 82, "fields": {"name": "Can change comment", "content_type": 21, "codename": "change_comment"}}, {"model": "auth.permission", "pk": 83, "fields": {"name": "Can delete comment", "content_type": 21, "codename": "delete_comment"}}, {"model": "auth.permission", "pk": 84, "fields": {"name": "Can view comment", "content_type": 21, "codename": "view_comment"}}, {"model": "auth.permission", "pk": 85, "fields": {"name": "Can add tag", "content_type": 22, "codename": "add_tag"}}, {"model": "auth.permission", "pk": 86, "fields": {"name": "Can change tag", "content_type": 22, "codename": "change_tag"}}, {"model": "auth.permission", "pk": 87, "fields": {"name": "Can delete tag", "content_type": 22, "codename": "delete_tag"}}, {"model": "auth.permission", "pk": 88, "fields": {"name": "Can view tag", "content_type": 22, "codename": "view_tag"}}, {"model": "auth.permission", "pk": 89, "fields": {"name": "Can add board", "content_type": 23, "codename": "add_board"}}, {"model": "auth.permission", "pk": 90, "fields": {"name": "Can change board", "content_type": 23, "codename": "change_board"}}, {"model": "auth.permission", "pk": 91, "fields": {"name": "Can delete board", "content_type": 23, "codename": "delete_board"}}, {"model": "auth.permission", "pk": 92, "fields": {"name": "Can view board", "content_type": 23, "codename": "view_board"}}, {"model": "auth.permission", "pk": 93, "fields": {"name": "Can add school", "content_type": 24, "codename": "add_school"}}, {"model": "auth.permission", "pk": 94, "fields": {"name": "Can change school", "content_type": 24, "codename": "change_school"}}, {"model": "auth.permission", "pk": 95, "fields": {"name": "Can delete school", "content_type": 24, "codename": "delete_school"}}, {"model": "auth.permission", "pk": 96, "fields": {"name": "Can view school", "content_type": 24, "codename": "view_school"}}, {"model": "auth.permission", "pk": 97, "fields": {"name": "Can add board_category", "content_type": 25, "codename": "add_board_category"}}, {"model": "auth.permission", "pk": 98, "fields": {"name": "Can change board_category", "content_type": 25, "codename": "change_board_category"}}, {"model": "auth.permission", "pk": 99, "fields": {"name": "Can delete board_category", "content_type": 25, "codename": "delete_board_category"}}, {"model": "auth.permission", "pk": 100, "fields": {"name": "Can view board_category", "content_type": 25, "codename": "view_board_category"}}, {"model": "auth.permission", "pk": 101, "fields": {"name": "Can add notification", "content_type": 26, "codename": "add_notification"}}, {"model": "auth.permission", "pk": 102, "fields": {"name": "Can change notification", "content_type": 26, "codename": "change_notification"}}, {"model": "auth.permission", "pk": 103, "fields": {"name": "Can delete notification", "content_type": 26, "codename": "delete_notification"}}, {"model": "auth.permission", "pk": 104, "fields": {"name": "Can view notification", "content_type": 26, "codename": "view_notification"}}, {"model": "auth.permission", "pk": 105, "fields": {"name": "Can add board_name", "content_type": 24, "codename": "add_board_name"}}, {"model": "auth.permission", "pk": 106, "fields": {"name": "Can change board_name", "content_type": 24, "codename": "change_board_name"}}, {"model": "auth.permission", "pk": 107, "fields": {"name": "Can delete board_name", "content_type": 24, "codename": "delete_board_name"}}, {"model": "auth.permission", "pk": 108, "fields": {"name": "Can view board_name", "content_type": 24, "codename": "view_board_name"}}, {"model": "auth.permission", "pk": 109, "fields": {"name": "Can add answer", "content_type": 27, "codename": "add_answer"}}, {"model": "auth.permission", "pk": 110, "fields": {"name": "Can change answer", "content_type": 27, "codename": "change_answer"}}, {"model": "auth.permission", "pk": 111, "fields": {"name": "Can delete answer", "content_type": 27, "codename": "delete_answer"}}, {"model": "auth.permission", "pk": 112, "fields": {"name": "Can view answer", "content_type": 27, "codename": "view_answer"}}, {"model": "auth.permission", "pk": 113, "fields": {"name": "Can add grade", "content_type": 28, "codename": "add_grade"}}, {"model": "auth.permission", "pk": 114, "fields": {"name": "Can change grade", "content_type": 28, "codename": "change_grade"}}, {"model": "auth.permission", "pk": 115, "fields": {"name": "Can delete grade", "content_type": 28, "codename": "delete_grade"}}, {"model": "auth.permission", "pk": 116, "fields": {"name": "Can view grade", "content_type": 28, "codename": "view_grade"}}, {"model": "auth.permission", "pk": 117, "fields": {"name": "Can add school", "content_type": 29, "codename": "add_school"}}, {"model": "auth.permission", "pk": 118, "fields": {"name": "Can change school", "content_type": 29, "codename": "change_school"}}, {"model": "auth.permission", "pk": 119, "fields": {"name": "Can delete school", "content_type": 29, "codename": "delete_school"}}, {"model": "auth.permission", "pk": 120, "fields": {"name": "Can view school", "content_type": 29, "codename": "view_school"}}, {"model": "auth.permission", "pk": 121, "fields": {"name": "Can add school profile", "content_type": 30, "codename": "add_schoolprofile"}}, {"model": "auth.permission", "pk": 122, "fields": {"name": "Can change school profile", "content_type": 30, "codename": "change_schoolprofile"}}, {"model": "auth.permission", "pk": 123, "fields": {"name": "Can delete school profile", "content_type": 30, "codename": "delete_schoolprofile"}}, {"model": "auth.permission", "pk": 124, "fields": {"name": "Can view school profile", "content_type": 30, "codename": "view_schoolprofile"}}, {"model": "auth.permission", "pk": 125, "fields": {"name": "Can add question", "content_type": 31, "codename": "add_question"}}, {"model": "auth.permission", "pk": 126, "fields": {"name": "Can change question", "content_type": 31, "codename": "change_question"}}, {"model": "auth.permission", "pk": 127, "fields": {"name": "Can delete question", "content_type": 31, "codename": "delete_question"}}, {"model": "auth.permission", "pk": 128, "fields": {"name": "Can view question", "content_type": 31, "codename": "view_question"}}, {"model": "auth.permission", "pk": 129, "fields": {"name": "Can add comment", "content_type": 32, "codename": "add_comment"}}, {"model": "auth.permission", "pk": 130, "fields": {"name": "Can change comment", "content_type": 32, "codename": "change_comment"}}, {"model": "auth.permission", "pk": 131, "fields": {"name": "Can delete comment", "content_type": 32, "codename": "delete_comment"}}, {"model": "auth.permission", "pk": 132, "fields": {"name": "Can view comment", "content_type": 32, "codename": "view_comment"}}, {"model": "auth.permission", "pk": 133, "fields": {"name": "Can add classroom", "content_type": 33, "codename": "add_classroom"}}, {"model": "auth.permission", "pk": 134, "fields": {"name": "Can change classroom", "content_type": 33, "codename": "change_classroom"}}, {"model": "auth.permission", "pk": 135, "fields": {"name": "Can delete classroom", "content_type": 33, "codename": "delete_classroom"}}, {"model": "auth.permission", "pk": 136, "fields": {"name": "Can view classroom", "content_type": 33, "codename": "view_classroom"}}, {"model": "auth.permission", "pk": 137, "fields": {"name": "Can add homeroom", "content_type": 34, "codename": "add_homeroom"}}, {"model": "auth.permission", "pk": 138, "fields": {"name": "Can change homeroom", "content_type": 34, "codename": "change_homeroom"}}, {"model": "auth.permission", "pk": 139, "fields": {"name": "Can delete homeroom", "content_type": 34, "codename": "delete_homeroom"}}, {"model": "auth.permission", "pk": 140, "fields": {"name": "Can view homeroom", "content_type": 34, "codename": "view_homeroom"}}, {"model": "auth.permission", "pk": 141, "fields": {"name": "Can add school", "content_type": 35, "codename": "add_school"}}, {"model": "auth.permission", "pk": 142, "fields": {"name": "Can change school", "content_type": 35, "codename": "change_school"}}, {"model": "auth.permission", "pk": 143, "fields": {"name": "Can delete school", "content_type": 35, "codename": "delete_school"}}, {"model": "auth.permission", "pk": 144, "fields": {"name": "Can view school", "content_type": 35, "codename": "view_school"}}, {"model": "auth.permission", "pk": 145, "fields": {"name": "Can add teacher", "content_type": 36, "codename": "add_teacher"}}, {"model": "auth.permission", "pk": 146, "fields": {"name": "Can change teacher", "content_type": 36, "codename": "change_teacher"}}, {"model": "auth.permission", "pk": 147, "fields": {"name": "Can delete teacher", "content_type": 36, "codename": "delete_teacher"}}, {"model": "auth.permission", "pk": 148, "fields": {"name": "Can view teacher", "content_type": 36, "codename": "view_teacher"}}, {"model": "auth.permission", "pk": 149, "fields": {"name": "Can add student", "content_type": 37, "codename": "add_student"}}, {"model": "auth.permission", "pk": 150, "fields": {"name": "Can change student", "content_type": 37, "codename": "change_student"}}, {"model": "auth.permission", "pk": 151, "fields": {"name": "Can delete student", "content_type": 37, "codename": "delete_student"}}, {"model": "auth.permission", "pk": 152, "fields": {"name": "Can view student", "content_type": 37, "codename": "view_student"}}, {"model": "auth.permission", "pk": 153, "fields": {"name": "Can add announcement", "content_type": 38, "codename": "add_announcement"}}, {"model": "auth.permission", "pk": 154, "fields": {"name": "Can change announcement", "content_type": 38, "codename": "change_announcement"}}, {"model": "auth.permission", "pk": 155, "fields": {"name": "Can delete announcement", "content_type": 38, "codename": "delete_announcement"}}, {"model": "auth.permission", "pk": 156, "fields": {"name": "Can view announcement", "content_type": 38, "codename": "view_announcement"}}, {"model": "auth.permission", "pk": 157, "fields": {"name": "Can add anno individual", "content_type": 39, "codename": "add_annoindividual"}}, {"model": "auth.permission", "pk": 158, "fields": {"name": "Can change anno individual", "content_type": 39, "codename": "change_annoindividual"}}, {"model": "auth.permission", "pk": 159, "fields": {"name": "Can delete anno individual", "content_type": 39, "codename": "delete_annoindividual"}}, {"model": "auth.permission", "pk": 160, "fields": {"name": "Can view anno individual", "content_type": 39, "codename": "view_annoindividual"}}, {"model": "auth.permission", "pk": 161, "fields": {"name": "Can add homework", "content_type": 40, "codename": "add_homework"}}, {"model": "auth.permission", "pk": 162, "fields": {"name": "Can change homework", "content_type": 40, "codename": "change_homework"}}, {"model": "auth.permission", "pk": 163, "fields": {"name": "Can delete homework", "content_type": 40, "codename": "delete_homework"}}, {"model": "auth.permission", "pk": 164, "fields": {"name": "Can view homework", "content_type": 40, "codename": "view_homework"}}, {"model": "auth.permission", "pk": 165, "fields": {"name": "Can add homework submit", "content_type": 41, "codename": "add_homeworksubmit"}}, {"model": "auth.permission", "pk": 166, "fields": {"name": "Can change homework submit", "content_type": 41, "codename": "change_homeworksubmit"}}, {"model": "auth.permission", "pk": 167, "fields": {"name": "Can delete homework submit", "content_type": 41, "codename": "delete_homeworksubmit"}}, {"model": "auth.permission", "pk": 168, "fields": {"name": "Can view homework submit", "content_type": 41, "codename": "view_homeworksubmit"}}, {"model": "auth.permission", "pk": 169, "fields": {"name": "Can add score", "content_type": 42, "codename": "add_score"}}, {"model": "auth.permission", "pk": 170, "fields": {"name": "Can change score", "content_type": 42, "codename": "change_score"}}, {"model": "auth.permission", "pk": 171, "fields": {"name": "Can delete score", "content_type": 42, "codename": "delete_score"}}, {"model": "auth.permission", "pk": 172, "fields": {"name": "Can view score", "content_type": 42, "codename": "view_score"}}, {"model": "auth.permission", "pk": 173, "fields": {"name": "Can add exam", "content_type": 43, "codename": "add_exam"}}, {"model": "auth.permission", "pk": 174, "fields": {"name": "Can change exam", "content_type": 43, "codename": "change_exam"}}, {"model": "auth.permission", "pk": 175, "fields": {"name": "Can delete exam", "content_type": 43, "codename": "delete_exam"}}, {"model": "auth.permission", "pk": 176, "fields": {"name": "Can view exam", "content_type": 43, "codename": "view_exam"}}, {"model": "auth.permission", "pk": 177, "fields": {"name": "Can add subject", "content_type": 44, "codename": "add_subject"}}, {"model": "auth.permission", "pk": 178, "fields": {"name": "Can change subject", "content_type": 44, "codename": "change_subject"}}, {"model": "auth.permission", "pk": 179, "fields": {"name": "Can delete subject", "content_type": 44, "codename": "delete_subject"}}, {"model": "auth.permission", "pk": 180, "fields": {"name": "Can view subject", "content_type": 44, "codename": "view_subject"}}, {"model": "contenttypes.contenttype", "pk": 1, "fields": {"app_label": "admin", "model": "logentry"}}, {"model": "contenttypes.contenttype", "pk": 2, "fields": {"app_label": "auth", "model": "permission"}}, {"model": "contenttypes.contenttype", "pk": 3, "fields": {"app_label": "auth", "model": "group"}}, {"model": "contenttypes.contenttype", "pk": 4, "fields": {"app_label": "contenttypes", "model": "contenttype"}}, {"model": "contenttypes.contenttype", "pk": 5, "fields": {"app_label": "sessions", "model": "session"}}, {"model": "contenttypes.contenttype", "pk": 6, "fields": {"app_label": "custom_account", "model": "user"}}, {"model": "contenttypes.contenttype", "pk": 7, "fields": {"app_label": "sites", "model": "site"}}, {"model": "contenttypes.contenttype", "pk": 8, "fields": {"app_label": "account", "model": "emailaddress"}}, {"model": "contenttypes.contenttype", "pk": 9, "fields": {"app_label": "account", "model": "emailconfirmation"}}, {"model": "contenttypes.contenttype", "pk": 10, "fields": {"app_label": "socialaccount", "model": "socialaccount"}}, {"model": "contenttypes.contenttype", "pk": 11, "fields": {"app_label": "socialaccount", "model": "socialapp"}}, {"model": "contenttypes.contenttype", "pk": 12, "fields": {"app_label": "socialaccount", "model": "socialtoken"}}, {"model": "contenttypes.contenttype", "pk": 13, "fields": {"app_label": "boards", "model": "answer"}}, {"model": "contenttypes.contenttype", "pk": 14, "fields": {"app_label": "boards", "model": "posting"}}, {"model": "contenttypes.contenttype", "pk": 15, "fields": {"app_label": "boards", "model": "comment"}}, {"model": "contenttypes.contenttype", "pk": 16, "fields": {"app_label": "boards", "model": "tag"}}, {"model": "contenttypes.contenttype", "pk": 17, "fields": {"app_label": "boards", "model": "postinglike"}}, {"model": "contenttypes.contenttype", "pk": 18, "fields": {"app_label": "boards", "model": "postingdislike"}}, {"model": "contenttypes.contenttype", "pk": 19, "fields": {"app_label": "postings", "model": "answer"}}, {"model": "contenttypes.contenttype", "pk": 20, "fields": {"app_label": "postings", "model": "posting"}}, {"model": "contenttypes.contenttype", "pk": 21, "fields": {"app_label": "postings", "model": "comment"}}, {"model": "contenttypes.contenttype", "pk": 22, "fields": {"app_label": "postings", "model": "tag"}}, {"model": "contenttypes.contenttype", "pk": 23, "fields": {"app_label": "boards", "model": "board"}}, {"model": "contenttypes.contenttype", "pk": 24, "fields": {"app_label": "boards", "model": "board_name"}}, {"model": "contenttypes.contenttype", "pk": 25, "fields": {"app_label": "boards", "model": "board_category"}}, {"model": "contenttypes.contenttype", "pk": 26, "fields": {"app_label": "custom_account", "model": "notification"}}, {"model": "contenttypes.contenttype", "pk": 27, "fields": {"app_label": "item_pool", "model": "answer"}}, {"model": "contenttypes.contenttype", "pk": 28, "fields": {"app_label": "item_pool", "model": "grade"}}, {"model": "contenttypes.contenttype", "pk": 29, "fields": {"app_label": "item_pool", "model": "school"}}, {"model": "contenttypes.contenttype", "pk": 30, "fields": {"app_label": "item_pool", "model": "schoolprofile"}}, {"model": "contenttypes.contenttype", "pk": 31, "fields": {"app_label": "item_pool", "model": "question"}}, {"model": "contenttypes.contenttype", "pk": 32, "fields": {"app_label": "item_pool", "model": "comment"}}, {"model": "contenttypes.contenttype", "pk": 33, "fields": {"app_label": "school_report", "model": "classroom"}}, {"model": "contenttypes.contenttype", "pk": 34, "fields": {"app_label": "school_report", "model": "homeroom"}}, {"model": "contenttypes.contenttype", "pk": 35, "fields": {"app_label": "school_report", "model": "school"}}, {"model": "contenttypes.contenttype", "pk": 36, "fields": {"app_label": "school_report", "model": "teacher"}}, {"model": "contenttypes.contenttype", "pk": 37, "fields": {"app_label": "school_report", "model": "student"}}, {"model": "contenttypes.contenttype", "pk": 38, "fields": {"app_label": "school_report", "model": "announcement"}}, {"model": "contenttypes.contenttype", "pk": 39, "fields": {"app_label": "school_report", "model": "annoindividual"}}, {"model": "contenttypes.contenttype", "pk": 40, "fields": {"app_label": "school_report", "model": "homework"}}, {"model": "contenttypes.contenttype", "pk": 41, "fields": {"app_label": "school_report", "model": "homeworksubmit"}}, {"model": "contenttypes.contenttype", "pk": 42, "fields": {"app_label": "score_share", "model": "score"}}, {"model": "contenttypes.contenttype", "pk": 43, "fields": {"app_label": "score_share", "model": "exam"}}, {"model": "contenttypes.contenttype", "pk": 44, "fields": {"app_label": "score_share", "model": "subject"}}, {"model": "sessions.session", "pk": "0d9ukq4tkq8bfzd868usi82axzrbdi8x", "fields": {"session_data": "e30:1o3ujH:eSz6EbBje4pdxsxjJ6BInr-CJMC33PyhCdRgEUC0E1s", "expire_date": "2022-07-06T07:24:47.114Z"}}, {"model": "sessions.session", "pk": "31povne6my8y25k7u57kwsqslp3fmgsa", "fields": {"session_data": ".eJxVjMsOwiAQRf-FtSFDQR4u3fsNZIahUjWQlHZl_HfbpAvd3nPOfYuI61Li2vMcJxYXocTpdyNMz1x3wA-s9yZTq8s8kdwVedAub43z63q4fwcFe9lqdEjgFBNg4MwAenBWkadBax_YQrJOmzB6v1lhPAObpJyxRKBJWxKfL9ZWNzI:1nlqmS:IzALR3mnrIg7R-oi29gvUo3C-GIRcUMwnP7vfZy17pw", "expire_date": "2022-05-17T11:33:24.011Z"}}, {"model": "sessions.session", "pk": "3ged30zggsvu7ptwap0ndb2dyc2btuqp", "fields": {"session_data": ".eJxVjEEOwiAQRe_C2hDAwQ4u3XsGMgyDVA1NSrsy3l2bdKHb_977LxVpXWpcu8xxzOqsUB1-t0T8kLaBfKd2mzRPbZnHpDdF77Tr65Tledndv4NKvX5rMINzhkNiRO9RgiN7DD4VOQ3CgAJgjEmFASwxO0IEoRxyQWMhs3p_ANTjOAc:1o1jWt:IFOUtLJSPv2WvCsnXzs8sKWMNymKzjFjLG-oZo9RyoI", "expire_date": "2022-06-30T07:02:59.206Z"}}, {"model": "sessions.session", "pk": "4cgssyqqjj8qc9b6xknvx8rfsvb016bz", "fields": {"session_data": ".eJxVjEEOwiAQRe_C2hDAwQ4u3XsGMgyDVA1NSrsy3l2bdKHb_977LxVpXWpcu8xxzOqsUB1-t0T8kLaBfKd2mzRPbZnHpDdF77Tr65Tledndv4NKvX5rMINzhkNiRO9RgiN7DD4VOQ3CgAJgjEmFASwxO0IEoRxyQWMhs3p_ANTjOAc:1o3vav:tk01Xu6tnCcpVtFy4pRxrJ4Z5FipDwk-8Y50-kOuZlI", "expire_date": "2022-07-06T08:20:13.073Z"}}, {"model": "sessions.session", "pk": "63oqihymy95ipb360h2m7gtwwx3fqtrp", "fields": {"session_data": "e30:1o3ucm:vdU23qSCyiWlx77cLyGpv4zLZO8on_UdAO6xff0JiBI", "expire_date": "2022-07-06T07:18:04.030Z"}}, {"model": "sessions.session", "pk": "9iz6xsexuysngv3cnmnbkmag4wjcmgkq", "fields": {"session_data": ".eJxVjEEOwiAQRe_C2hDAwQ4u3XsGMgyDVA1NSrsy3l2bdKHb_977LxVpXWpcu8xxzOqsUB1-t0T8kLaBfKd2mzRPbZnHpDdF77Tr65Tledndv4NKvX5rMINzhkNiRO9RgiN7DD4VOQ3CgAJgjEmFASwxO0IEoRxyQWMhs3p_ANTjOAc:1oVjwQ:NqJeCsaVaVfCGpjCoRNcVJdV2jd89JjL55sZIDt0CxQ", "expire_date": "2022-09-21T01:33:22.942Z"}}, {"model": "sessions.session", "pk": "cplrfnh0mphngwievgg9lptx1j0pmmpr", "fields": {"session_data": ".eJxVjEEOwiAQRe_C2hDAwQ4u3XsGMgyDVA1NSrsy3l2bdKHb_977LxVpXWpcu8xxzOqsUB1-t0T8kLaBfKd2mzRPbZnHpDdF77Tr65Tledndv4NKvX5rMINzhkNiRO9RgiN7DD4VOQ3CgAJgjEmFASwxO0IEoRxyQWMhs3p_ANTjOAc:1o4FqJ:BEnGs6Tza7W7KbjlnScmtDWNepjjvNdWZijI-ifUnR8", "expire_date": "2022-07-07T05:57:27.817Z"}}, {"model": "sessions.session", "pk": "dqpwfdqjegzkhfxyxyy4coa8o2fdtxfk", "fields": {"session_data": ".eJxVjEEOwiAQRe_C2hDAwQ4u3XsGMgyDVA1NSrsy3l2bdKHb_977LxVpXWpcu8xxzOqsUB1-t0T8kLaBfKd2mzRPbZnHpDdF77Tr65Tledndv4NKvX5rMINzhkNiRO9RgiN7DD4VOQ3CgAJgjEmFASwxO0IEoRxyQWMhs3p_ANTjOAc:1nqOR3:mItGLge8TtySnO-J3T5NtIrsjV3NJsslao9zGH0QusQ", "expire_date": "2022-05-30T00:18:05.193Z"}}, {"model": "sessions.session", "pk": "gtb57xhyj69dplyvm6ylfst65m2hcyyy", "fields": {"session_data": ".eJxVjEEOwiAQRe_C2hDAwQ4u3XsGMgyDVA1NSrsy3l2bdKHb_977LxVpXWpcu8xxzOqsUB1-t0T8kLaBfKd2mzRPbZnHpDdF77Tr65Tledndv4NKvX5rMINzhkNiRO9RgiN7DD4VOQ3CgAJgjEmFASwxO0IEoRxyQWMhs3p_ANTjOAc:1nu7wX:XviAaNvM7qw5fNJ5Th-kcv555g4HxewN8YCgDOUDIwI", "expire_date": "2022-06-09T07:30:01.891Z"}}, {"model": "sessions.session", "pk": "lnvr5nxkpvzeaof0hhq0ggqnzdrctia3", "fields": {"session_data": ".eJxVjEEOwiAQRe_C2hDAwQ4u3XsGMgyDVA1NSrsy3l2bdKHb_977LxVpXWpcu8xxzOqsUB1-t0T8kLaBfKd2mzRPbZnHpDdF77Tr65Tledndv4NKvX5rMINzhkNiRO9RgiN7DD4VOQ3CgAJgjEmFASwxO0IEoRxyQWMhs3p_ANTjOAc:1nqCMG:5X5LVARQEJMfs7YN9wc3Rd71CCOWuhyMLPhlt8KtV7M", "expire_date": "2022-05-29T11:24:20.158Z"}}, {"model": "sessions.session", "pk": "p3mk4qeyqghwnk27g5zchm6m5uscr92a", "fields": {"session_data": ".eJxVjEEOwiAQRe_C2hDAwQ4u3XsGMgyDVA1NSrsy3l2bdKHb_977LxVpXWpcu8xxzOqsUB1-t0T8kLaBfKd2mzRPbZnHpDdF77Tr65Tledndv4NKvX5rMINzhkNiRO9RgiN7DD4VOQ3CgAJgjEmFASwxO0IEoRxyQWMhs3p_ANTjOAc:1oVO24:NopKeUtL2WTaoLDC-9fWtRUfJZFybFF6nnTO78F9c74", "expire_date": "2022-09-20T02:09:44.076Z"}}, {"model": "sessions.session", "pk": "srtgknqy3dev6bmurbmar84qna6aiw3c", "fields": {"session_data": "e30:1o3uiw:3W33LFKzmk_SpcJ6nzzHFwO3Ph6zKL2-O-qsfauAbEI", "expire_date": "2022-07-06T07:24:26.065Z"}}, {"model": "sessions.session", "pk": "uc1zhsc1x8wyyrp7cf3yp51iygsb2rhb", "fields": {"session_data": ".eJxVjEEOwiAQRe_C2hDAwQ4u3XsGMgyDVA1NSrsy3l2bdKHb_977LxVpXWpcu8xxzOqsUB1-t0T8kLaBfKd2mzRPbZnHpDdF77Tr65Tledndv4NKvX5rMINzhkNiRO9RgiN7DD4VOQ3CgAJgjEmFASwxO0IEoRxyQWMhs3p_ANTjOAc:1nz68d:rYgiGQMaAVNN3e0zvu9gq_6b_ebjuWBg_ullRdNOLJE", "expire_date": "2022-06-23T00:35:03.840Z"}}, {"model": "custom_account.user", "pk": 6, "fields": {"password": "!0JSqLctxkDCA4hNxmcmQnHnDVRqi9EiuCOAbFxKu", "last_login": "2022-09-07T01:33:22.909Z", "username": "user", "is_active": true, "is_staff": false, "is_admin": false, "is_social": true, "connected_user": 8, "email": null, "email_check": false, "nickname": "이진한 네이버", "created_date": "1991-03-21T15:00:00Z", "is_notification": false, "teacher": null, "student": null}}, {"model": "custom_account.user", "pk": 8, "fields": {"password": "pbkdf2_sha256$260000$JkQE0agweqrbjXyzIJnjSh$mBX7Uy1JDcMHTSVA7uPDXDwUCcPnlgja3CvTwyo53fs=", "last_login": "2022-09-07T01:33:22.939Z", "username": "id8436", "is_active": true, "is_staff": true, "is_admin": false, "is_social": false, "connected_user": null, "email": "id8436@naver.com", "email_check": false, "nickname": "진한쌤", "created_date": "1991-03-21T15:00:00Z", "is_notification": false, "teacher": 12, "student": null}}, {"model": "custom_account.user", "pk": 10, "fields": {"password": "!lVyugH2ivKVz1pjr6frXrUR1FoDuMp6ml5fgR4k8", "last_login": "2022-06-22T07:16:05Z", "username": "이진한", "is_active": true, "is_staff": false, "is_admin": false, "is_social": true, "connected_user": null, "email": null, "email_check": false, "nickname": "이진한 네이버?", "created_date": "1991-03-21T15:00:00Z", "is_notification": false, "teacher": null, "student": null}}, {"model": "custom_account.user", "pk": 11, "fields": {"password": "", "last_login": null, "username": "", "is_active": true, "is_staff": false, "is_admin": false, "is_social": true, "connected_user": null, "email": null, "email_check": false, "nickname": null, "created_date": "1991-03-21T15:00:00Z", "is_notification": false, "teacher": null, "student": null}}, {"model": "custom_account.notification", "pk": 1, "fields": {"to_user": 8, "type": 12, "from_user": 8, "message": "test", "user_has_seen": false, "url": "https://docs.google.com/forms/d/e/1FAIpQLSe_T6iNrMUad0SqJZtlgP3XWn4cBqM1O0yc6ZC9VNT72C9Sag/viewform?usp=sf_link", "created_date": "2022-06-08T22:43:15.675Z"}}, {"model": "custom_account.notification", "pk": 2, "fields": {"to_user": 8, "type": 22, "from_user": 8, "message": "tata", "user_has_seen": false, "url": "http://docs.google.com/forms/d/e/1FAIpQLSc-aB62yrccijMcYtGsI3muqe219yrM3j-2b3jdNHH1QTtIdQ/viewform?usp=sf_link", "created_date": "2022-06-09T14:35:50.098Z"}}, {"model": "custom_account.notification", "pk": 3, "fields": {"to_user": 8, "type": 41, "from_user": 8, "message": "tata", "user_has_seen": false, "url": "http://docs.google.com/forms/d/e/1FAIpQLSc-aB62yrccijMcYtGsI3muqe219yrM3j-2b3jdNHH1QTtIdQ/viewform?usp=sf_link", "created_date": "2022-06-09T14:35:50.958Z"}}, {"model": "custom_account.notification", "pk": 4, "fields": {"to_user": 8, "type": 41, "from_user": 10, "message": "aassddf", "user_has_seen": false, "url": "http://id8436.iptime.org:8080/mediawiki/index.php/%EC%A4%91%ED%95%99:%ED%9E%98%EC%9D%98_%ED%91%9C%ED%98%84", "created_date": "2022-06-10T12:53:50.503Z"}}, {"model": "custom_account.notification", "pk": 5, "fields": {"to_user": 8, "type": 21, "from_user": 6, "message": "aaaaaaaaaaaaaaaaaaaaaaaaaaaaaaaaaaaaaaaaaaaaaaaaaaaaaaaaaaaaaa", "user_has_seen": false, "url": "http://asdf.com", "created_date": "2022-06-17T03:39:45.800Z"}}, {"model": "custom_account.notification", "pk": 6, "fields": {"to_user": 8, "type": 32, "from_user": 8, "message": "def", "user_has_seen": true, "url": "http://127.0.0.1:8000/boards/posting/detail/23#comment_42", "created_date": "2022-08-31T02:13:37.588Z"}}, {"model": "boards.board", "pk": 1, "fields": {"board_name": 1, "category": null, "enter_year": 2023, "author": 8, "interest_count": 0, "text_1": [], "text_2": [], "interest_users": []}}, {"model": "boards.board", "pk": 2, "fields": {"board_name": 2, "category": null, "enter_year": 2023, "author": null, "interest_count": 0, "text_1": [], "text_2": [], "interest_users": []}}, {"model": "boards.board", "pk": 3, "fields": {"board_name": 1, "category": null, "enter_year": 2022, "author": 8, "interest_count": 0, "text_1": [], "text_2": [], "interest_users": []}}, {"model": "boards.board", "pk": 4, "fields": {"board_name": 4, "category": 3, "enter_year": 2022, "author": 8, "interest_count": 0, "text_1": [], "text_2": [], "interest_users": []}}, {"model": "boards.board", "pk": 9, "fields": {"board_name": null, "category": null, "enter_year": 2023, "author": 8, "interest_count": 0, "text_1": [], "text_2": [], "interest_users": []}}, {"model": "boards.board", "pk": 10, "fields": {"board_name": null, "category": null, "enter_year": 2023, "author": 8, "interest_count": 0, "text_1": [], "text_2": [], "interest_users": []}}, {"model": "boards.board", "pk": 11, "fields": {"board_name": null, "category": null, "enter_year": 2023, "author": 8, "interest_count": 0, "text_1": [], "text_2": [], "interest_users": []}}, {"model": "boards.board", "pk": 12, "fields": {"board_name": null, "category": null, "enter_year": 2023, "author": 8, "interest_count": 0, "text_1": [], "text_2": [], "interest_users": []}}, {"model": "boards.board", "pk": 13, "fields": {"board_name": null, "category": null, "enter_year": 2023, "author": 8, "interest_count": 0, "text_1": [], "text_2": [], "interest_users": []}}, {"model": "boards.board", "pk": 14, "fields": {"board_name": null, "category": null, "enter_year": 2023, "author": 8, "interest_count": 0, "text_1": [], "text_2": [], "interest_users": []}}, {"model": "boards.board", "pk": 15, "fields": {"board_name": null, "category": null, "enter_year": 2023, "author": 8, "interest_count": 0, "text_1": [], "text_2": [], "interest_users": []}}, {"model": "boards.board", "pk": 16, "fields": {"board_name": null, "category": null, "enter_year": 2023, "author": 8, "interest_count": 0, "text_1": [], "text_2": [], "interest_users": []}}, {"model": "boards.board", "pk": 17, "fields": {"board_name": null, "category": null, "enter_year": 2023, "author": 8, "interest_count": 0, "text_1": [], "text_2": [], "interest_users": []}}, {"model": "boards.board", "pk": 18, "fields": {"board_name": null, "category": null, "enter_year": 2023, "author": 8, "interest_count": 0, "text_1": [], "text_2": [], "interest_users": []}}, {"model": "boards.board", "pk": 19, "fields": {"board_name": null, "category": 1, "enter_year": 2023, "author": 8, "interest_count": 0, "text_1": [], "text_2": [], "interest_users": []}}, {"model": "boards.board", "pk": 20, "fields": {"board_name": 8, "category": 1, "enter_year": 2023, "author": 8, "interest_count": 0, "text_1": [], "text_2": [], "interest_users": []}}, {"model": "boards.board", "pk": 21, "fields": {"board_name": 5, "category": 2, "enter_year": 2023, "author": 8, "interest_count": 0, "text_1": [], "text_2": [], "interest_users": []}}, {"model": "boards.board", "pk": 22, "fields": {"board_name": 2, "category": null, "enter_year": 2022, "author": 8, "interest_count": 0, "text_1": [], "text_2": [], "interest_users": []}}, {"model": "boards.board", "pk": 23, "fields": {"board_name": 9, "category": 4, "enter_year": 2022, "author": 8, "interest_count": 0, "text_1": [], "text_2": [], "interest_users": [8]}}, {"model": "boards.board", "pk": 24, "fields": {"board_name": 10, "category": 2, "enter_year": 2023, "author": 8, "interest_count": 0, "text_1": [], "text_2": [], "interest_users": []}}, {"model": "boards.board", "pk": 25, "fields": {"board_name": null, "category": 2, "enter_year": 22, "author": 8, "interest_count": 0, "text_1": [], "text_2": [], "interest_users": []}}, {"model": "boards.board", "pk": 26, "fields": {"board_name": null, "category": 2, "enter_year": 2023, "author": 8, "interest_count": 0, "text_1": [], "text_2": [], "interest_users": []}}, {"model": "boards.board", "pk": 27, "fields": {"board_name": null, "category": 2, "enter_year": 2023, "author": 8, "interest_count": 0, "text_1": [], "text_2": [], "interest_users": []}}, {"model": "boards.board", "pk": 28, "fields": {"board_name": null, "category": 2, "enter_year": 12, "author": 8, "interest_count": 0, "text_1": [], "text_2": [], "interest_users": []}}, {"model": "boards.board", "pk": 29, "fields": {"board_name": null, "category": 2, "enter_year": 2023, "author": 8, "interest_count": 0, "text_1": [], "text_2": [], "interest_users": []}}, {"model": "boards.board", "pk": 30, "fields": {"board_name": null, "category": 2, "enter_year": 1, "author": 8, "interest_count": 0, "text_1": [], "text_2": [], "interest_users": []}}, {"model": "boards.board", "pk": 31, "fields": {"board_name": 11, "category": 2, "enter_year": 2032, "author": 8, "interest_count": 0, "text_1": [], "text_2": [], "interest_users": []}}, {"model": "boards.board_name", "pk": 1, "fields": {"name": "강원과학고등학교"}}, {"model": "boards.board_name", "pk": 2, "fields": {"name": "경기과학고등학교"}}, {"model": "boards.board_name", "pk": 4, "fields": {"name": "과학유머"}}, {"model": "boards.board_name", "pk": 5, "fields": {"name": "공주대학교"}}, {"model": "boards.board_name", "pk": 6, "fields": {"name": ""}}, {"model": "boards.board_name", "pk": 8, "fields": {"name": "학생과학발명품대회"}}, {"model": "boards.board_name", "pk": 9, "fields": {"name": "건의,제보"}}, {"model": "boards.board_name", "pk": 10, "fields": {"name": "학교 실험용"}}, {"model": "boards.board_name", "pk": 11, "fields": {"name": "원주중학교"}}, {"model": "boards.board_name", "pk": 12, "fields": {"name": "ㅁㄴㅇㄹ"}}, {"model": "boards.board_category", "pk": 1, "fields": {"name": "contest_info"}}, {"model": "boards.board_category", "pk": 2, "fields": {"name": "school_info"}}, {"model": "boards.board_category", "pk": 3, "fields": {"name": "humor_science"}}, {"model": "boards.board_category", "pk": 4, "fields": {"name": "suggestion"}}, {"model": "boards.board_category", "pk": 5, "fields": {"name": "건의,제보"}}, {"model": "boards.posting", "pk": 10, "fields": {"board": null, "author": 8, "subject": "ㅅㄷㄴㅅ", "content": "ㅁㄴㅇㄹㅁㄴㄹ", "create_date": "2022-05-25T00:24:27.210Z", "modify_date": "2022-05-25T05:03:33.462Z", "like_count": 0, "dislike_count": 0, "interest_count": 0, "source": "ㅁㄴㅇㄹ", "boolean_1": true, "boolean_2": true, "boolean_3": false, "report_user": null, "tag": [10], "like_users": [], "dislike_users": [], "interest_users": []}}, {"model": "boards.posting", "pk": 11, "fields": {"board": 1, "author": 8, "subject": "ㅅㄷㄴㅅ", "content": "ㅁㄴㅇㄻ", "create_date": "2022-05-27T04:31:26.797Z", "modify_date": null, "like_count": 0, "dislike_count": 0, "interest_count": 0, "source": "ㅁㅇㄹ", "boolean_1": true, "boolean_2": true, "boolean_3": false, "report_user": null, "tag": [], "like_users": [], "dislike_users": [], "interest_users": []}}, {"model": "boards.posting", "pk": 12, "fields": {"board": 1, "author": 8, "subject": "강원과고 2023 test", "content": "test", "create_date": "2022-05-30T04:27:43.885Z", "modify_date": null, "like_count": 0, "dislike_count": 0, "interest_count": 0, "source": "etest", "boolean_1": true, "boolean_2": true, "boolean_3": false, "report_user": null, "tag": [], "like_users": [], "dislike_users": [], "interest_users": []}}, {"model": "boards.posting", "pk": 13, "fields": {"board": null, "author": 8, "subject": "test", "content": "aaas", "create_date": "2022-06-01T07:41:05.750Z", "modify_date": null, "like_count": 0, "dislike_count": 0, "interest_count": 0, "source": "나", "boolean_1": true, "boolean_2": true, "boolean_3": false, "report_user": null, "tag": [], "like_users": [], "dislike_users": [], "interest_users": []}}, {"model": "boards.posting", "pk": 14, "fields": {"board": null, "author": 8, "subject": "ㅅㄷㄴㅁㅌㅁㅁㄴㅇㄻㄴ", "content": "ㄴㅁㅇㄹㅋㅌㅊㅍ", "create_date": "2022-06-01T07:42:35.780Z", "modify_date": null, "like_count": 0, "dislike_count": 0, "interest_count": 0, "source": "ㅁㄴ", "boolean_1": true, "boolean_2": true, "boolean_3": false, "report_user": null, "tag": [], "like_users": [], "dislike_users": [], "interest_users": []}}, {"model": "boards.posting", "pk": 15, "fields": {"board": 21, "author": 8, "subject": "ㅅㄷㄴㅅㅁ", "content": "ㅁㄴㅇㄹ", "create_date": "2022-06-01T07:45:38.285Z", "modify_date": null, "like_count": 0, "dislike_count": 1, "interest_count": 0, "source": "ㄴㅁㅇㄹㄴㅁ", "boolean_1": true, "boolean_2": true, "boolean_3": false, "report_user": null, "tag": [], "like_users": [], "dislike_users": [8], "interest_users": []}}, {"model": "boards.posting", "pk": 16, "fields": {"board": 21, "author": 8, "subject": "ㅅㄷㄴㅅㅁ", "content": "ㅁㄴㅇㄹ", "create_date": "2022-06-01T07:45:43.056Z", "modify_date": null, "like_count": 0, "dislike_count": 0, "interest_count": 0, "source": "ㄴㅁㅇㄹㄴㅁ", "boolean_1": true, "boolean_2": true, "boolean_3": false, "report_user": null, "tag": [], "like_users": [], "dislike_users": [], "interest_users": []}}, {"model": "boards.posting", "pk": 17, "fields": {"board": 21, "author": 8, "subject": "ㅅㄷㄴㅅㅁ", "content": "ㅁㄴㅇㄹ", "create_date": "2022-06-01T07:47:12.963Z", "modify_date": null, "like_count": 0, "dislike_count": 0, "interest_count": 0, "source": "ㄴㅁㅇㄹㄴㅁ", "boolean_1": true, "boolean_2": true, "boolean_3": false, "report_user": null, "tag": [], "like_users": [], "dislike_users": [], "interest_users": []}}, {"model": "boards.posting", "pk": 18, "fields": {"board": 21, "author": 8, "subject": "ㅅㄷㄴㅅㅁ", "content": "ㅁㄴㅇㄹ", "create_date": "2022-06-01T07:47:40.276Z", "modify_date": null, "like_count": 0, "dislike_count": 0, "interest_count": 0, "source": "ㄴㅁㅇㄹㄴㅁ", "boolean_1": true, "boolean_2": true, "boolean_3": false, "report_user": null, "tag": [], "like_users": [], "dislike_users": [], "interest_users": []}}, {"model": "boards.posting", "pk": 19, "fields": {"board": 21, "author": 8, "subject": "ㅅㄷㄴㅅㅁ", "content": "ㅁㄴㅇㄹ", "create_date": "2022-06-01T07:48:00.903Z", "modify_date": null, "like_count": 0, "dislike_count": 0, "interest_count": 0, "source": "ㄴㅁㅇㄹㄴㅁ", "boolean_1": true, "boolean_2": true, "boolean_3": false, "report_user": null, "tag": [], "like_users": [], "dislike_users": [], "interest_users": []}}, {"model": "boards.posting", "pk": 20, "fields": {"board": 21, "author": 8, "subject": "ㅋㅋㄴㅇㄹㅋㄹㅋ", "content": "ㅋㅇㄻ", "create_date": "2022-06-01T07:48:17.898Z", "modify_date": null, "like_count": 1, "dislike_count": 0, "interest_count": 0, "source": "ㅁㄴㅇㄹ", "boolean_1": true, "boolean_2": true, "boolean_3": false, "report_user": null, "tag": [], "like_users": [8], "dislike_users": [], "interest_users": []}}, {"model": "boards.posting", "pk": 22, "fields": {"board": 4, "author": 8, "subject": "test", "content": "etet", "create_date": "2022-06-02T08:40:45.173Z", "modify_date": null, "like_count": -1, "dislike_count": -1, "interest_count": 0, "source": "asdf", "boolean_1": true, "boolean_2": true, "boolean_3": false, "report_user": null, "tag": [3], "like_users": [], "dislike_users": [], "interest_users": []}}, {"model": "boards.posting", "pk": 23, "fields": {"board": 23, "author": 8, "subject": "건의 테스트", "content": "ㅎㅎㅎㅎ", "create_date": "2022-06-07T13:48:38.638Z", "modify_date": null, "like_count": 0, "dislike_count": 0, "interest_count": 0, "source": "False", "boolean_1": true, "boolean_2": true, "boolean_3": false, "report_user": null, "tag": [2], "like_users": [8], "dislike_users": [8], "interest_users": []}}, {"model": "boards.posting", "pk": 24, "fields": {"board": null, "author": 8, "subject": "test", "content": "zzzxxzxc", "create_date": "2022-06-09T07:15:53.434Z", "modify_date": null, "like_count": 0, "dislike_count": 0, "interest_count": 0, "source": "zxcv", "boolean_1": true, "boolean_2": true, "boolean_3": false, "report_user": null, "tag": [], "like_users": [], "dislike_users": [], "interest_users": []}}, {"model": "boards.posting", "pk": 25, "fields": {"board": 31, "author": 8, "subject": "ㄴㅁㅇㄹㄴㅇ", "content": "ㅁㄴㅇㄹ", "create_date": "2022-06-14T04:46:19.373Z", "modify_date": null, "like_count": 0, "dislike_count": 0, "interest_count": 0, "source": "ㅁㄴㅇㄹ", "boolean_1": true, "boolean_2": true, "boolean_3": false, "report_user": null, "tag": [6], "like_users": [8], "dislike_users": [8], "interest_users": []}}, {"model": "boards.posting", "pk": 26, "fields": {"board": 31, "author": 8, "subject": "test", "content": "ㅇㄹㅇ", "create_date": "2022-06-14T04:59:53.823Z", "modify_date": null, "like_count": 0, "dislike_count": 0, "interest_count": 0, "source": "ㅁㄴㅇ", "boolean_1": true, "boolean_2": true, "boolean_3": false, "report_user": null, "tag": [], "like_users": [], "dislike_users": [], "interest_users": []}}, {"model": "boards.posting", "pk": 27, "fields": {"board": 31, "author": 8, "subject": "test", "content": "ㅇㄹㅇ", "create_date": "2022-06-14T05:01:14.469Z", "modify_date": null, "like_count": 1, "dislike_count": 0, "interest_count": 0, "source": "ㅁㄴㅇ", "boolean_1": true, "boolean_2": true, "boolean_3": false, "report_user": null, "tag": [], "like_users": [8], "dislike_users": [], "interest_users": []}}, {"model": "boards.posting", "pk": 28, "fields": {"board": 31, "author": 8, "subject": "ㅁㅇ", "content": "ㄴㅁㄹ", "create_date": "2022-06-14T08:28:09.909Z", "modify_date": null, "like_count": 0, "dislike_count": 0, "interest_count": 0, "source": "ㅁㄴㅇ", "boolean_1": true, "boolean_2": true, "boolean_3": false, "report_user": null, "tag": [], "like_users": [], "dislike_users": [], "interest_users": []}}, {"model": "boards.posting", "pk": 29, "fields": {"board": 31, "author": 8, "subject": "ㅁㅇ", "content": "ㄴㅀ", "create_date": "2022-06-14T08:28:52.776Z", "modify_date": null, "like_count": 0, "dislike_count": 0, "interest_count": 0, "source": "ㅁㄴㅇ", "boolean_1": true, "boolean_2": true, "boolean_3": false, "report_user": null, "tag": [], "like_users": [], "dislike_users": [], "interest_users": []}}, {"model": "boards.posting", "pk": 30, "fields": {"board": 31, "author": 8, "subject": "ㅋㅌㅊㅍ", "content": "ㅁㄴㅇㄹ", "create_date": "2022-06-14T08:29:08.298Z", "modify_date": null, "like_count": 0, "dislike_count": 0, "interest_count": 0, "source": "ㅋㅌㅊㅍ", "boolean_1": true, "boolean_2": true, "boolean_3": false, "report_user": null, "tag": [], "like_users": [], "dislike_users": [], "interest_users": []}}, {"model": "boards.posting", "pk": 31, "fields": {"board": 31, "author": 8, "subject": "ㅋㅌㅊㅍ", "content": "ㅇㅁㅎ", "create_date": "2022-06-14T08:32:07.580Z", "modify_date": "2022-06-17T08:42:55.608Z", "like_count": 0, "dislike_count": 0, "interest_count": 0, "source": "ㅋㅌㅊㅍ", "boolean_1": true, "boolean_2": true, "boolean_3": false, "report_user": null, "tag": [1, 18, 19, 20], "like_users": [], "dislike_users": [], "interest_users": []}}, {"model": "boards.answer", "pk": 8, "fields": {"posting": 10, "author": 8, "content": "ㅅㄷㄴㅅ", "create_date": "2022-05-25T00:36:46.746Z", "modify_date": null, "voter": []}}, {"model": "boards.answer", "pk": 9, "fields": {"posting": 10, "author": 8, "content": "ㅇ", "create_date": "2022-05-25T00:42:19.381Z", "modify_date": null, "voter": []}}, {"model": "boards.answer", "pk": 10, "fields": {"posting": 10, "author": 8, "content": "ㅋㅋㅋㅋㅋ", "create_date": "2022-05-25T05:02:50.249Z", "modify_date": null, "voter": []}}, {"model": "boards.answer", "pk": 11, "fields": {"posting": 20, "author": 8, "content": "test", "create_date": "2022-06-09T07:16:34.491Z", "modify_date": null, "voter": []}}, {"model": "boards.answer", "pk": 12, "fields": {"posting": 20, "author": 8, "content": "xx", "create_date": "2022-06-09T07:20:42.448Z", "modify_date": null, "voter": []}}, {"model": "boards.answer", "pk": 13, "fields": {"posting": 15, "author": 8, "content": "ㄷㅅㄷㅅ", "create_date": "2022-06-09T08:04:14.888Z", "modify_date": null, "voter": []}}, {"model": "boards.answer", "pk": 14, "fields": {"posting": 15, "author": 8, "content": "ㅅㄷㅅ", "create_date": "2022-06-09T08:13:18.227Z", "modify_date": null, "voter": []}}, {"model": "boards.answer", "pk": 15, "fields": {"posting": 15, "author": 8, "content": "ㅅㄷ", "create_date": "2022-06-09T08:13:24.489Z", "modify_date": null, "voter": []}}, {"model": "boards.answer", "pk": 16, "fields": {"posting": 15, "author": 8, "content": "ㄴㅁㄴㅇ", "create_date": "2022-06-09T08:17:19.779Z", "modify_date": null, "voter": []}}, {"model": "boards.answer", "pk": 17, "fields": {"posting": 15, "author": 8, "content": "ㅁㄴㄹㅇ", "create_date": "2022-06-09T08:27:00.548Z", "modify_date": null, "voter": []}}, {"model": "boards.answer", "pk": 18, "fields": {"posting": 15, "author": 8, "content": "테스트용", "create_date": "2022-06-09T08:27:06.862Z", "modify_date": null, "voter": []}}, {"model": "boards.answer", "pk": 19, "fields": {"posting": 22, "author": 8, "content": "ㅅㄷ", "create_date": "2022-06-09T08:38:21.622Z", "modify_date": null, "voter": []}}, {"model": "boards.answer", "pk": 23, "fields": {"posting": 31, "author": 8, "content": "sfg", "create_date": "2022-06-16T07:10:56.014Z", "modify_date": null, "voter": []}}, {"model": "boards.answer", "pk": 24, "fields": {"posting": 31, "author": 8, "content": "test", "create_date": "2022-06-16T07:11:06.044Z", "modify_date": null, "voter": []}}, {"model": "boards.answer", "pk": 25, "fields": {"posting": 31, "author": 8, "content": "test", "create_date": "2022-06-16T07:12:42.895Z", "modify_date": null, "voter": []}}, {"model": "boards.answer", "pk": 26, "fields": {"posting": 31, "author": 8, "content": "딱좋네", "create_date": "2022-06-16T07:12:49.340Z", "modify_date": null, "voter": []}}, {"model": "boards.answer", "pk": 28, "fields": {"posting": 30, "author": 8, "content": "z", "create_date": "2022-06-17T06:04:03.794Z", "modify_date": null, "voter": []}}, {"model": "boards.answer", "pk": 29, "fields": {"posting": 30, "author": 8, "content": "z", "create_date": "2022-06-17T06:04:48.151Z", "modify_date": null, "voter": []}}, {"model": "boards.answer", "pk": 30, "fields": {"posting": 23, "author": 8, "content": "daf", "create_date": "2022-08-31T02:13:31.266Z", "modify_date": null, "voter": []}}, {"model": "boards.answer", "pk": 31, "fields": {"posting": 23, "author": 8, "content": "def", "create_date": "2022-08-31T02:13:34.825Z", "modify_date": null, "voter": []}}, {"model": "boards.comment", "pk": 28, "fields": {"answer": 8, "author": 8, "content": "대댓글요.", "create_date": "2022-05-25T00:36:54.941Z", "modify_date": null, "voter": []}}, {"model": "boards.comment", "pk": 29, "fields": {"answer": 8, "author": 8, "content": "ㅋㅋ", "create_date": "2022-05-25T05:02:46.482Z", "modify_date": null, "voter": []}}, {"model": "boards.comment", "pk": 30, "fields": {"answer": 10, "author": 8, "content": "ㅋㅋ", "create_date": "2022-05-25T05:02:53.779Z", "modify_date": null, "voter": []}}, {"model": "boards.comment", "pk": 31, "fields": {"answer": 11, "author": 8, "content": "zzzz", "create_date": "2022-06-09T07:16:40.431Z", "modify_date": null, "voter": []}}, {"model": "boards.comment", "pk": 32, "fields": {"answer": 11, "author": 8, "content": "zz", "create_date": "2022-06-09T07:19:03.898Z", "modify_date": null, "voter": []}}, {"model": "boards.comment", "pk": 33, "fields": {"answer": 12, "author": 8, "content": "test", "create_date": "2022-06-09T07:20:50.136Z", "modify_date": null, "voter": []}}, {"model": "boards.comment", "pk": 34, "fields": {"answer": 13, "author": 8, "content": "ㅂㅈㄷㄱ", "create_date": "2022-06-09T08:04:23.456Z", "modify_date": null, "voter": []}}, {"model": "boards.comment", "pk": 35, "fields": {"answer": 13, "author": 8, "content": "ㅁㅇㄴㄹ", "create_date": "2022-06-09T08:14:03.576Z", "modify_date": null, "voter": []}}, {"model": "boards.comment", "pk": 36, "fields": {"answer": 12, "author": 8, "content": "ㅁㅎㅁㄹㅎ", "create_date": "2022-06-09T08:28:21.159Z", "modify_date": null, "voter": []}}, {"model": "boards.comment", "pk": 37, "fields": {"answer": 25, "author": 8, "content": "ㅁㅋ", "create_date": "2022-06-17T06:00:15.018Z", "modify_date": null, "voter": []}}, {"model": "boards.comment", "pk": 39, "fields": {"answer": 25, "author": 8, "content": "tt", "create_date": "2022-06-17T08:15:39.193Z", "modify_date": null, "voter": []}}, {"model": "boards.comment", "pk": 40, "fields": {"answer": 25, "author": 8, "content": "zzz", "create_date": "2022-06-17T08:15:51.713Z", "modify_date": null, "voter": []}}, {"model": "boards.comment", "pk": 42, "fields": {"answer": 31, "author": 8, "content": "asd", "create_date": "2022-08-31T02:13:37.581Z", "modify_date": null, "voter": []}}, {"model": "boards.tag", "pk": 1, "fields": {"name": "test"}}, {"model": "boards.tag", "pk": 2, "fields": {"name": "ggdg"}}, {"model": "boards.tag", "pk": 3, "fields": {"name": "????"}}, {"model": "boards.tag", "pk": 4, "fields": {"name": "ㅇㅇ"}}, {"model": "boards.tag", "pk": 5, "fields": {"name": "이상이상"}}, {"model": "boards.tag", "pk": 6, "fields": {"name": "['ㅇ렁"}}, {"model": "boards.tag", "pk": 7, "fields": {"name": "ㅇㄹ업8ㅑ"}}, {"model": "boards.tag", "pk": 8, "fields": {"name": "ㅇㅂㄹ']"}}, {"model": "boards.tag", "pk": 9, "fields": {"name": "ㅁㄴㄴㅇ"}}, {"model": "boards.tag", "pk": 10, "fields": {"name": "이진한"}}, {"model": "boards.tag", "pk": 11, "fields": {"name": "ㅁㄴㅇㄹ"}}, {"model": "boards.tag", "pk": 12, "fields": {"name": "순서가 어떻게 되는거지...?"}}, {"model": "boards.tag", "pk": 13, "fields": {"name": "아"}}, {"model": "boards.tag", "pk": 14, "fields": {"name": "테그가 만들어지는 순인듯."}}, {"model": "boards.tag", "pk": 15, "fields": {"name": "tttt"}}, {"model": "boards.tag", "pk": 16, "fields": {"name": "ㅇㅇㄹ"}}, {"model": "boards.tag", "pk": 17, "fields": {"name": "sdaf"}}, {"model": "boards.tag", "pk": 18, "fields": {"name": "dfas"}}, {"model": "boards.tag", "pk": 19, "fields": {"name": "asdfq"}}, {"model": "boards.tag", "pk": 20, "fields": {"name": "asdf"}}, {"model": "school_report.school", "pk": 1, "fields": {"name": "원주중학교", "year": 2022, "level": "중학교", "master": 8, "code": "1234"}}, {"model": "school_report.teacher", "pk": 7, "fields": {"admin": null, "obtained": false, "name": "황성연", "code": "410157", "created": "2022-09-13T02:49:43.688Z", "activated": "2022-09-13T02:49:43.658Z", "school": 1, "grade": 2, "cl_num": 1, "classroom_have": []}}, {"model": "school_report.teacher", "pk": 8, "fields": {"admin": null, "obtained": false, "name": "안영현", "code": "514203", "created": "2022-09-13T02:49:43.688Z", "activated": "2022-09-13T02:49:43.658Z", "school": 1, "grade": 2, "cl_num": 2, "classroom_have": []}}, {"model": "school_report.teacher", "pk": 9, "fields": {"admin": null, "obtained": false, "name": "박소영", "code": "116868", "created": "2022-09-13T02:49:43.688Z", "activated": "2022-09-13T02:49:43.658Z", "school": 1, "grade": 2, "cl_num": 3, "classroom_have": []}}, {"model": "school_report.teacher", "pk": 10, "fields": {"admin": null, "obtained": false, "name": "김민주", "code": "268383", "created": "2022-09-13T02:49:43.688Z", "activated": "2022-09-13T02:49:43.658Z", "school": 1, "grade": 1, "cl_num": 6, "classroom_have": []}}, {"model": "school_report.teacher", "pk": 11, "fields": {"admin": null, "obtained": false, "name": "박민영", "code": "991783", "created": "2022-09-13T02:49:43.688Z", "activated": "2022-09-13T02:49:43.658Z", "school": 1, "grade": 1, "cl_num": 7, "classroom_have": []}}, {"model": "school_report.teacher", "pk": 12, "fields": {"admin": 8, "obtained": true, "name": "이진한", "code": null, "created": "2022-09-13T02:49:43.688Z", "activated": "2022-09-13T02:49:43.658Z", "school": 1, "grade": 1, "cl_num": 7, "classroom_have": []}}, {"model": "school_report.homeroom", "pk": 10, "fields": {"school": 1, "grade": 2, "cl_num": 1, "master": 12, "code": "593066"}}, {"model": "school_report.homeroom", "pk": 11, "fields": {"school": 1, "grade": 2, "cl_num": 2, "master": 12, "code": "617900"}}, {"model": "school_report.homeroom", "pk": 12, "fields": {"school": 1, "grade": 2, "cl_num": 3, "master": 12, "code": "853488"}}, {"model": "school_report.homeroom", "pk": 13, "fields": {"school": 1, "grade": 1, "cl_num": 6, "master": 12, "code": "831662"}}, {"model": "school_report.homeroom", "pk": 14, "fields": {"school": 1, "grade": 1, "cl_num": 7, "master": 12, "code": "409027"}}, {"model": "school_report.classroom", "pk": 10, "fields": {"school": 1, "homeroom": 10, "subject": "과학", "master": 12, "name": "", "code": ""}}, {"model": "school_report.classroom", "pk": 11, "fields": {"school": 1, "homeroom": 11, "subject": "과학", "master": 12, "name": "", "code": ""}}, {"model": "school_report.classroom", "pk": 12, "fields": {"school": 1, "homeroom": 12, "subject": "과학", "master": 12, "name": "", "code": ""}}, {"model": "school_report.classroom", "pk": 13, "fields": {"school": 1, "homeroom": 13, "subject": "과학", "master": 12, "name": "", "code": ""}}, {"model": "school_report.classroom", "pk": 14, "fields": {"school": 1, "homeroom": 14, "subject": "과학", "master": 12, "name": "", "code": ""}}, {"model": "school_report.student", "pk": 11, "fields": {"admin": null, "homeroom": 10, "number": 1, "name": "김동현", "obtained": false, "code": "498965", "activated": "2022-09-13T06:42:03.568Z"}}, {"model": "school_report.student", "pk": 12, "fields": {"admin": null, "homeroom": 10, "number": 2, "name": "김범진", "obtained": false, "code": "403339", "activated": "2022-09-13T06:42:03.568Z"}}, {"model": "school_report.student", "pk": 13, "fields": {"admin": null, "homeroom": 10, "number": 3, "name": "김수한", "obtained": false, "code": "723447", "activated": "2022-09-13T06:42:03.568Z"}}, {"model": "school_report.student", "pk": 14, "fields": {"admin": null, "homeroom": 10, "number": 4, "name": "김지우", "obtained": false, "code": "848875", "activated": "2022-09-13T06:42:03.568Z"}}, {"model": "school_report.student", "pk": 15, "fields": {"admin": null, "homeroom": 10, "number": 5, "name": "김지훈", "obtained": false, "code": "331056", "activated": "2022-09-13T06:42:03.568Z"}}, {"model": "school_report.student", "pk": 16, "fields": {"admin": null, "homeroom": 10, "number": 6, "name": "남규련", "obtained": false, "code": "857093", "activated": "2022-09-13T06:42:03.568Z"}}, {"model": "school_report.student", "pk": 17, "fields": {"admin": null, "homeroom": 10, "number": 7, "name": "박건이", "obtained": false, "code": "185817", "activated": "2022-09-13T06:42:03.568Z"}}, {"model": "school_report.student", "pk": 18, "fields": {"admin": null, "homeroom": 10, "number": 8, "name": "박범준", "obtained": false, "code": "815877", "activated": "2022-09-13T06:42:03.568Z"}}, {"model": "school_report.student", "pk": 19, "fields": {"admin": null, "homeroom": 10, "number": 9, "name": "박상준", "obtained": false, "code": "713044", "activated": "2022-09-13T06:42:03.568Z"}}, {"model": "school_report.student", "pk": 20, "fields": {"admin": null, "homeroom": 10, "number": 10, "name": "서현석", "obtained": false, "code": "150669", "activated": "2022-09-13T06:42:03.568Z"}}, {"model": "school_report.student", "pk": 21, "fields": {"admin": null, "homeroom": 10, "number": 11, "name": "신지한", "obtained": false, "code": "356390", "activated": "2022-09-13T06:42:03.568Z"}}, {"model": "school_report.student", "pk": 22, "fields": {"admin": null, "homeroom": 10, "number": 12, "name": "심재원", "obtained": false, "code": "859135", "activated": "2022-09-13T06:42:03.568Z"}}, {"model": "school_report.student", "pk": 23, "fields": {"admin": null, "homeroom": 10, "number": 13, "name": "심준희", "obtained": false, "code": "330491", "activated": "2022-09-13T06:42:03.568Z"}}, {"model": "school_report.student", "pk": 24, "fields": {"admin": null, "homeroom": 10, "number": 14, "name": "안정균", "obtained": false, "code": "934161", "activated": "2022-09-13T06:42:03.568Z"}}, {"model": "school_report.student", "pk": 25, "fields": {"admin": null, "homeroom": 10, "number": 15, "name": "이승희", "obtained": false, "code": "838336", "activated": "2022-09-13T06:42:03.568Z"}}, {"model": "school_report.student", "pk": 26, "fields": {"admin": null, "homeroom": 10, "number": 16, "name": "이하랑", "obtained": false, "code": "458722", "activated": "2022-09-13T06:42:03.568Z"}}, {"model": "school_report.student", "pk": 27, "fields": {"admin": null, "homeroom": 10, "number": 17, "name": "이한솔", "obtained": false, "code": "954375", "activated": "2022-09-13T06:42:03.568Z"}}, {"model": "school_report.student", "pk": 28, "fields": {"admin": null, "homeroom": 10, "number": 18, "name": "이현수", "obtained": false, "code": "843609", "activated": "2022-09-13T06:42:03.568Z"}}, {"model": "school_report.student", "pk": 29, "fields": {"admin": null, "homeroom": 10, "number": 19, "name": "임현성", "obtained": false, "code": "735666", "activated": "2022-09-13T06:42:03.568Z"}}, {"model": "school_report.student", "pk": 30, "fields": {"admin": null, "homeroom": 10, "number": 20, "name": "전준구", "obtained": false, "code": "828138", "activated": "2022-09-13T06:42:03.568Z"}}, {"model": "school_report.student", "pk": 31, "fields": {"admin": null, "homeroom": 10, "number": 21, "name": "정연수", "obtained": false, "code": "851731", "activated": "2022-09-13T06:42:03.568Z"}}, {"model": "school_report.student", "pk": 32, "fields": {"admin": null, "homeroom": 10, "number": 22, "name": "정용담", "obtained": false, "code": "721759", "activated": "2022-09-13T06:42:03.568Z"}}, {"model": "school_report.student", "pk": 33, "fields": {"admin": null, "homeroom": 10, "number": 23, "name": "조윤성", "obtained": false, "code": "345219", "activated": "2022-09-13T06:42:03.568Z"}}, {"model": "school_report.student", "pk": 34, "fields": {"admin": null, "homeroom": 10, "number": 24, "name": "조종오", "obtained": false, "code": "823853", "activated": "2022-09-13T06:42:03.568Z"}}, {"model": "school_report.student", "pk": 35, "fields": {"admin": null, "homeroom": 10, "number": 25, "name": "최유온", "obtained": false, "code": "569563", "activated": "2022-09-13T06:42:03.568Z"}}, {"model": "school_report.student", "pk": 36, "fields": {"admin": null, "homeroom": 10, "number": 26, "name": "최현호", "obtained": false, "code": "319970", "activated": "2022-09-13T06:42:03.568Z"}}, {"model": "school_report.student", "pk": 37, "fields": {"admin": null, "homeroom": 10, "number": 27, "name": "한기현", "obtained": false, "code": "757218", "activated": "2022-09-13T06:42:03.568Z"}}, {"model": "school_report.student", "pk": 38, "fields": {"admin": null, "homeroom": 10, "number": 28, "name": "한지헌", "obtained": false, "code": "152491", "activated": "2022-09-13T06:42:03.568Z"}}, {"model": "school_report.student", "pk": 39, "fields": {"admin": null, "homeroom": 10, "number": 29, "name": "함시우", "obtained": false, "code": "675765", "activated": "2022-09-13T06:42:03.568Z"}}, {"model": "school_report.student", "pk": 40, "fields": {"admin": null, "homeroom": 10, "number": 30, "name": "정승혁", "obtained": false, "code": "221746", "activated": "2022-09-13T06:42:03.568Z"}}, {"model": "school_report.student", "pk": 41, "fields": {"admin": null, "homeroom": 11, "number": 1, "name": "김민서", "obtained": false, "code": "933457", "activated": "2022-09-13T06:42:03.568Z"}}, {"model": "school_report.student", "pk": 42, "fields": {"admin": null, "homeroom": 11, "number": 2, "name": "김민찬", "obtained": false, "code": "605863", "activated": "2022-09-13T06:42:03.568Z"}}, {"model": "school_report.student", "pk": 43, "fields": {"admin": null, "homeroom": 11, "number": 3, "name": "김은찬", "obtained": false, "code": "384284", "activated": "2022-09-13T06:42:03.568Z"}}, {"model": "school_report.student", "pk": 44, "fields": {"admin": null, "homeroom": 11, "number": 4, "name": "김정훈", "obtained": false, "code": "412828", "activated": "2022-09-13T06:42:03.568Z"}}, {"model": "school_report.student", "pk": 45, "fields": {"admin": null, "homeroom": 11, "number": 5, "name": "김태형", "obtained": false, "code": "183427", "activated": "2022-09-13T06:42:03.568Z"}}, {"model": "school_report.student", "pk": 46, "fields": {"admin": null, "homeroom": 11, "number": 6, "name": "김형준", "obtained": false, "code": "189398", "activated": "2022-09-13T06:42:03.568Z"}}, {"model": "school_report.student", "pk": 47, "fields": {"admin": null, "homeroom": 11, "number": 7, "name": "노승찬", "obtained": false, "code": "146768", "activated": "2022-09-13T06:42:03.568Z"}}, {"model": "school_report.student", "pk": 48, "fields": {"admin": null, "homeroom": 11, "number": 8, "name": "박병준", "obtained": false, "code": "650746", "activated": "2022-09-13T06:42:03.568Z"}}, {"model": "school_report.student", "pk": 49, "fields": {"admin": null, "homeroom": 11, "number": 9, "name": "박상윤", "obtained": false, "code": "246142", "activated": "2022-09-13T06:42:03.568Z"}}, {"model": "school_report.student", "pk": 50, "fields": {"admin": null, "homeroom": 11, "number": 10, "name": "서인호", "obtained": false, "code": "729291", "activated": "2022-09-13T06:42:03.568Z"}}, {"model": "school_report.student", "pk": 51, "fields": {"admin": null, "homeroom": 11, "number": 11, "name": "성준서", "obtained": false, "code": "522031", "activated": "2022-09-13T06:42:03.568Z"}}, {"model": "school_report.student", "pk": 52, "fields": {"admin": null, "homeroom": 11, "number": 12, "name": "심효준", "obtained": false, "code": "205149", "activated": "2022-09-13T06:42:03.568Z"}}, {"model": "school_report.student", "pk": 53, "fields": {"admin": null, "homeroom": 11, "number": 13, "name": "안진용", "obtained": false, "code": "361279", "activated": "2022-09-13T06:42:03.568Z"}}, {"model": "school_report.student", "pk": 54, "fields": {"admin": null, "homeroom": 11, "number": 14, "name": "원성호", "obtained": false, "code": "486304", "activated": "2022-09-13T06:42:03.568Z"}}, {"model": "school_report.student", "pk": 55, "fields": {"admin": null, "homeroom": 11, "number": 15, "name": "윤현수", "obtained": false, "code": "509682", "activated": "2022-09-13T06:42:03.568Z"}}, {"model": "school_report.student", "pk": 56, "fields": {"admin": null, "homeroom": 11, "number": 16, "name": "이도담", "obtained": false, "code": "597966", "activated": "2022-09-13T06:42:03.568Z"}}, {"model": "school_report.student", "pk": 57, "fields": {"admin": null, "homeroom": 11, "number": 17, "name": "이도엽", "obtained": false, "code": "522716", "activated": "2022-09-13T06:42:03.568Z"}}, {"model": "school_report.student", "pk": 58, "fields": {"admin": null, "homeroom": 11, "number": 18, "name": "이지호", "obtained": false, "code": "707375", "activated": "2022-09-13T06:42:03.568Z"}}, {"model": "school_report.student", "pk": 59, "fields": {"admin": null, "homeroom": 11, "number": 19, "name": "이태환", "obtained": false, "code": "649698", "activated": "2022-09-13T06:42:03.568Z"}}, {"model": "school_report.student", "pk": 60, "fields": {"admin": null, "homeroom": 11, "number": 20, "name": "이현준", "obtained": false, "code": "636406", "activated": "2022-09-13T06:42:03.568Z"}}, {"model": "school_report.student", "pk": 61, "fields": {"admin": null, "homeroom": 11, "number": 21, "name": "이호진", "obtained": false, "code": "134401", "activated": "2022-09-13T06:42:03.568Z"}}, {"model": "school_report.student", "pk": 62, "fields": {"admin": null, "homeroom": 11, "number": 22, "name": "정운환", "obtained": false, "code": "804486", "activated": "2022-09-13T06:42:03.568Z"}}, {"model": "school_report.student", "pk": 63, "fields": {"admin": null, "homeroom": 11, "number": 23, "name": "조성민", "obtained": false, "code": "381894", "activated": "2022-09-13T06:42:03.568Z"}}, {"model": "school_report.student", "pk": 64, "fields": {"admin": null, "homeroom": 11, "number": 24, "name": "조형주", "obtained": false, "code": "850995", "activated": "2022-09-13T06:42:03.568Z"}}, {"model": "school_report.student", "pk": 65, "fields": {"admin": null, "homeroom": 11, "number": 25, "name": "채희성", "obtained": false, "code": "145494", "activated": "2022-09-13T06:42:03.568Z"}}, {"model": "school_report.student", "pk": 66, "fields": {"admin": null, "homeroom": 11, "number": 26, "name": "최준영", "obtained": false, "code": "392617", "activated": "2022-09-13T06:42:03.568Z"}}, {"model": "school_report.student", "pk": 67, "fields": {"admin": null, "homeroom": 11, "number": 27, "name": "한지원", "obtained": false, "code": "797432", "activated": "2022-09-13T06:42:03.568Z"}}, {"model": "school_report.student", "pk": 68, "fields": {"admin": null, "homeroom": 11, "number": 28, "name": "현서진", "obtained": false, "code": "265604", "activated": "2022-09-13T06:42:03.568Z"}}, {"model": "school_report.student", "pk": 69, "fields": {"admin": null, "homeroom": 11, "number": 29, "name": "현준성", "obtained": false, "code": "892491", "activated": "2022-09-13T06:42:03.568Z"}}, {"model": "school_report.student", "pk": 70, "fields": {"admin": null, "homeroom": 11, "number": 30, "name": "홍준수", "obtained": false, "code": "194093", "activated": "2022-09-13T06:42:03.568Z"}}, {"model": "school_report.student", "pk": 71, "fields": {"admin": null, "homeroom": 11, "number": 31, "name": "이원희", "obtained": false, "code": "361946", "activated": "2022-09-13T06:42:03.568Z"}}, {"model": "school_report.student", "pk": 72, "fields": {"admin": null, "homeroom": 12, "number": 1, "name": "고동훈", "obtained": false, "code": "578279", "activated": "2022-09-13T06:42:03.568Z"}}, {"model": "school_report.student", "pk": 73, "fields": {"admin": null, "homeroom": 12, "number": 2, "name": "김건호", "obtained": false, "code": "257665", "activated": "2022-09-13T06:42:03.568Z"}}, {"model": "school_report.student", "pk": 74, "fields": {"admin": null, "homeroom": 12, "number": 3, "name": "김규성", "obtained": false, "code": "820121", "activated": "2022-09-13T06:42:03.568Z"}}, {"model": "school_report.student", "pk": 75, "fields": {"admin": null, "homeroom": 12, "number": 4, "name": "김세진", "obtained": false, "code": "805815", "activated": "2022-09-13T06:42:03.568Z"}}, {"model": "school_report.student", "pk": 76, "fields": {"admin": null, "homeroom": 12, "number": 5, "name": "김예훈", "obtained": false, "code": "567548", "activated": "2022-09-13T06:42:03.568Z"}}, {"model": "school_report.student", "pk": 77, "fields": {"admin": null, "homeroom": 12, "number": 6, "name": "김지훈", "obtained": false, "code": "237354", "activated": "2022-09-13T06:42:03.568Z"}}, {"model": "school_report.student", "pk": 78, "fields": {"admin": null, "homeroom": 12, "number": 7, "name": "김현준", "obtained": false, "code": "816865", "activated": "2022-09-13T06:42:03.568Z"}}, {"model": "school_report.student", "pk": 79, "fields": {"admin": null, "homeroom": 12, "number": 8, "name": "변지호", "obtained": false, "code": "685796", "activated": "2022-09-13T06:42:03.568Z"}}, {"model": "school_report.student", "pk": 80, "fields": {"admin": null, "homeroom": 12, "number": 9, "name": "석홍기", "obtained": false, "code": "818164", "activated": "2022-09-13T06:42:03.568Z"}}, {"model": "school_report.student", "pk": 81, "fields": {"admin": null, "homeroom": 12, "number": 10, "name": "송동현", "obtained": false, "code": "470107", "activated": "2022-09-13T06:42:03.568Z"}}, {"model": "school_report.student", "pk": 82, "fields": {"admin": null, "homeroom": 12, "number": 11, "name": "송민용", "obtained": false, "code": "398960", "activated": "2022-09-13T06:42:03.568Z"}}, {"model": "school_report.student", "pk": 83, "fields": {"admin": null, "homeroom": 12, "number": 12, "name": "신승윤", "obtained": false, "code": "580586", "activated": "2022-09-13T06:42:03.568Z"}}, {"model": "school_report.student", "pk": 84, "fields": {"admin": null, "homeroom": 12, "number": 13, "name": "유상원", "obtained": false, "code": "358451", "activated": "2022-09-13T06:42:03.568Z"}}, {"model": "school_report.student", "pk": 85, "fields": {"admin": null, "homeroom": 12, "number": 14, "name": "이규", "obtained": false, "code": "377577", "activated": "2022-09-13T06:42:03.568Z"}}, {"model": "school_report.student", "pk": 86, "fields": {"admin": null, "homeroom": 12, "number": 15, "name": "이민재", "obtained": false, "code": "786284", "activated": "2022-09-13T06:42:03.568Z"}}, {"model": "school_report.student", "pk": 87, "fields": {"admin": null, "homeroom": 12, "number": 16, "name": "이병민", "obtained": false, "code": "346198", "activated": "2022-09-13T06:42:03.568Z"}}, {"model": "school_report.student", "pk": 88, "fields": {"admin": null, "homeroom": 12, "number": 17, "name": "이상민", "obtained": false, "code": "817054", "activated": "2022-09-13T06:42:03.568Z"}}, {"model": "school_report.student", "pk": 89, "fields": {"admin": null, "homeroom": 12, "number": 18, "name": "이용탁", "obtained": false, "code": "410970", "activated": "2022-09-13T06:42:03.568Z"}}, {"model": "school_report.student", "pk": 90, "fields": {"admin": null, "homeroom": 12, "number": 19, "name": "이운혁", "obtained": false, "code": "105029", "activated": "2022-09-13T06:42:03.568Z"}}, {"model": "school_report.student", "pk": 91, "fields": {"admin": null, "homeroom": 12, "number": 20, "name": "이지안", "obtained": false, "code": "710448", "activated": "2022-09-13T06:42:03.568Z"}}, {"model": "school_report.student", "pk": 92, "fields": {"admin": null, "homeroom": 12, "number": 21, "name": "이현용", "obtained": false, "code": "655540", "activated": "2022-09-13T06:42:03.568Z"}}, {"model": "school_report.student", "pk": 93, "fields": {"admin": null, "homeroom": 12, "number": 22, "name": "임지후", "obtained": false, "code": "560357", "activated": "2022-09-13T06:42:03.568Z"}}, {"model": "school_report.student", "pk": 94, "fields": {"admin": null, "homeroom": 12, "number": 23, "name": "전유상", "obtained": false, "code": "411819", "activated": "2022-09-13T06:42:03.568Z"}}, {"model": "school_report.student", "pk": 95, "fields": {"admin": null, "homeroom": 12, "number": 24, "name": "정건윤", "obtained": false, "code": "383504", "activated": "2022-09-13T06:42:03.568Z"}}, {"model": "school_report.student", "pk": 96, "fields": {"admin": null, "homeroom": 12, "number": 25, "name": "정연서", "obtained": false, "code": "731702", "activated": "2022-09-13T06:42:03.568Z"}}, {"model": "school_report.student", "pk": 97, "fields": {"admin": null, "homeroom": 12, "number": 26, "name": "채준영", "obtained": false, "code": "470065", "activated": "2022-09-13T06:42:03.568Z"}}, {"model": "school_report.student", "pk": 98, "fields": {"admin": null, "homeroom": 12, "number": 27, "name": "최수혁", "obtained": false, "code": "569186", "activated": "2022-09-13T06:42:03.568Z"}}, {"model": "school_report.student", "pk": 99, "fields": {"admin": null, "homeroom": 12, "number": 28, "name": "최신혁", "obtained": false, "code": "993318", "activated": "2022-09-13T06:42:03.568Z"}}, {"model": "school_report.student", "pk": 100, "fields": {"admin": null, "homeroom": 12, "number": 29, "name": "최용제", "obtained": false, "code": "593139", "activated": "2022-09-13T06:42:03.568Z"}}, {"model": "school_report.student", "pk": 101, "fields": {"admin": null, "homeroom": 12, "number": 30, "name": "최지호", "obtained": false, "code": "357266", "activated": "2022-09-13T06:42:03.568Z"}}, {"model": "school_report.student", "pk": 102, "fields": {"admin": null, "homeroom": 13, "number": 1, "name": "권도훈", "obtained": false, "code": "111882", "activated": "2022-09-13T06:42:03.568Z"}}, {"model": "school_report.student", "pk": 103, "fields": {"admin": null, "homeroom": 13, "number": 2, "name": "김경원", "obtained": false, "code": "257288", "activated": "2022-09-13T06:42:03.568Z"}}, {"model": "school_report.student", "pk": 104, "fields": {"admin": null, "homeroom": 13, "number": 3, "name": "김동욱", "obtained": false, "code": "834750", "activated": "2022-09-13T06:42:03.568Z"}}, {"model": "school_report.student", "pk": 105, "fields": {"admin": null, "homeroom": 13, "number": 4, "name": "김민찬", "obtained": false, "code": "139841", "activated": "2022-09-13T06:42:03.568Z"}}, {"model": "school_report.student", "pk": 106, "fields": {"admin": null, "homeroom": 13, "number": 5, "name": "김영서", "obtained": false, "code": "413473", "activated": "2022-09-13T06:42:03.568Z"}}, {"model": "school_report.student", "pk": 107, "fields": {"admin": null, "homeroom": 13, "number": 6, "name": "김정우", "obtained": false, "code": "853122", "activated": "2022-09-13T06:42:03.568Z"}}, {"model": "school_report.student", "pk": 108, "fields": {"admin": null, "homeroom": 13, "number": 7, "name": "김한겸", "obtained": false, "code": "658184", "activated": "2022-09-13T06:42:03.568Z"}}, {"model": "school_report.student", "pk": 109, "fields": {"admin": null, "homeroom": 13, "number": 8, "name": "노하석", "obtained": false, "code": "537450", "activated": "2022-09-13T06:42:03.568Z"}}, {"model": "school_report.student", "pk": 110, "fields": {"admin": null, "homeroom": 13, "number": 9, "name": "박민준", "obtained": false, "code": "618621", "activated": "2022-09-13T06:42:03.568Z"}}, {"model": "school_report.student", "pk": 111, "fields": {"admin": null, "homeroom": 13, "number": 10, "name": "박태균", "obtained": false, "code": "319620", "activated": "2022-09-13T06:42:03.568Z"}}, {"model": "school_report.student", "pk": 112, "fields": {"admin": null, "homeroom": 13, "number": 11, "name": "석현준", "obtained": false, "code": "507204", "activated": "2022-09-13T06:42:03.568Z"}}, {"model": "school_report.student", "pk": 113, "fields": {"admin": null, "homeroom": 13, "number": 12, "name": "신우진", "obtained": false, "code": "108459", "activated": "2022-09-13T06:42:03.568Z"}}, {"model": "school_report.student", "pk": 114, "fields": {"admin": null, "homeroom": 13, "number": 13, "name": "안우진", "obtained": false, "code": "349029", "activated": "2022-09-13T06:42:03.568Z"}}, {"model": "school_report.student", "pk": 115, "fields": {"admin": null, "homeroom": 13, "number": 14, "name": "오상림", "obtained": false, "code": "853387", "activated": "2022-09-13T06:42:03.568Z"}}, {"model": "school_report.student", "pk": 116, "fields": {"admin": null, "homeroom": 13, "number": 15, "name": "용현우", "obtained": false, "code": "993205", "activated": "2022-09-13T06:42:03.568Z"}}, {"model": "school_report.student", "pk": 117, "fields": {"admin": null, "homeroom": 13, "number": 16, "name": "윤예민", "obtained": false, "code": "102632", "activated": "2022-09-13T06:42:03.568Z"}}, {"model": "school_report.student", "pk": 118, "fields": {"admin": null, "homeroom": 13, "number": 17, "name": "이건우", "obtained": false, "code": "196746", "activated": "2022-09-13T06:42:03.568Z"}}, {"model": "school_report.student", "pk": 119, "fields": {"admin": null, "homeroom": 13, "number": 18, "name": "이수", "obtained": false, "code": "931839", "activated": "2022-09-13T06:42:03.568Z"}}, {"model": "school_report.student", "pk": 120, "fields": {"admin": null, "homeroom": 13, "number": 19, "name": "이윤재", "obtained": false, "code": "818919", "activated": "2022-09-13T06:42:03.568Z"}}, {"model": "school_report.student", "pk": 121, "fields": {"admin": null, "homeroom": 13, "number": 20, "name": "이지호", "obtained": false, "code": "638680", "activated": "2022-09-13T06:42:03.568Z"}}, {"model": "school_report.student", "pk": 122, "fields": {"admin": null, "homeroom": 13, "number": 21, "name": "장서우", "obtained": false, "code": "115972", "activated": "2022-09-13T06:42:03.568Z"}}, {"model": "school_report.student", "pk": 123, "fields": {"admin": null, "homeroom": 13, "number": 22, "name": "정진영", "obtained": false, "code": "863520", "activated": "2022-09-13T06:42:03.568Z"}}, {"model": "school_report.student", "pk": 124, "fields": {"admin": null, "homeroom": 13, "number": 23, "name": "조세호요한", "obtained": false, "code": "300037", "activated": "2022-09-13T06:42:03.568Z"}}, {"model": "school_report.student", "pk": 125, "fields": {"admin": null, "homeroom": 13, "number": 24, "name": "차민준", "obtained": false, "code": "522426", "activated": "2022-09-13T06:42:03.568Z"}}, {"model": "school_report.student", "pk": 126, "fields": {"admin": null, "homeroom": 13, "number": 25, "name": "최규빈", "obtained": false, "code": "359427", "activated": "2022-09-13T06:42:03.568Z"}}, {"model": "school_report.student", "pk": 127, "fields": {"admin": null, "homeroom": 13, "number": 26, "name": "최준혁", "obtained": false, "code": "106045", "activated": "2022-09-13T06:42:03.568Z"}}, {"model": "school_report.student", "pk": 128, "fields": {"admin": null, "homeroom": 13, "number": 27, "name": "최현우", "obtained": false, "code": "929766", "activated": "2022-09-13T06:42:03.568Z"}}, {"model": "school_report.student", "pk": 129, "fields": {"admin": null, "homeroom": 13, "number": 28, "name": "홍준표", "obtained": false, "code": "648700", "activated": "2022-09-13T06:42:03.568Z"}}, {"model": "school_report.student", "pk": 130, "fields": {"admin": null, "homeroom": 14, "number": 1, "name": "곽윤섭", "obtained": false, "code": "656093", "activated": "2022-09-13T06:42:03.568Z"}}, {"model": "school_report.student", "pk": 131, "fields": {"admin": null, "homeroom": 14, "number": 2, "name": "권재홍", "obtained": false, "code": "489769", "activated": "2022-09-13T06:42:03.568Z"}}, {"model": "school_report.student", "pk": 132, "fields": {"admin": null, "homeroom": 14, "number": 3, "name": "김도안", "obtained": false, "code": "181020", "activated": "2022-09-13T06:42:03.568Z"}}, {"model": "school_report.student", "pk": 133, "fields": {"admin": null, "homeroom": 14, "number": 4, "name": "김민서", "obtained": false, "code": "479231", "activated": "2022-09-13T06:42:03.568Z"}}, {"model": "school_report.student", "pk": 134, "fields": {"admin": null, "homeroom": 14, "number": 5, "name": "김성혁", "obtained": false, "code": "243849", "activated": "2022-09-13T06:42:03.568Z"}}, {"model": "school_report.student", "pk": 135, "fields": {"admin": null, "homeroom": 14, "number": 6, "name": "김은우", "obtained": false, "code": "447472", "activated": "2022-09-13T06:42:03.568Z"}}, {"model": "school_report.student", "pk": 136, "fields": {"admin": null, "homeroom": 14, "number": 7, "name": "김창한", "obtained": false, "code": "293297", "activated": "2022-09-13T06:42:03.568Z"}}, {"model": "school_report.student", "pk": 137, "fields": {"admin": null, "homeroom": 14, "number": 8, "name": "김호연", "obtained": false, "code": "112527", "activated": "2022-09-13T06:42:03.568Z"}}, {"model": "school_report.student", "pk": 138, "fields": {"admin": null, "homeroom": 14, "number": 9, "name": "민준후", "obtained": false, "code": "867306", "activated": "2022-09-13T06:42:03.568Z"}}, {"model": "school_report.student", "pk": 139, "fields": {"admin": null, "homeroom": 14, "number": 10, "name": "박석환", "obtained": false, "code": "434907", "activated": "2022-09-13T06:42:03.568Z"}}, {"model": "school_report.student", "pk": 140, "fields": {"admin": null, "homeroom": 14, "number": 11, "name": "박휘서", "obtained": false, "code": "447788", "activated": "2022-09-13T06:42:03.568Z"}}, {"model": "school_report.student", "pk": 141, "fields": {"admin": null, "homeroom": 14, "number": 12, "name": "송정하", "obtained": false, "code": "765482", "activated": "2022-09-13T06:42:03.568Z"}}, {"model": "school_report.student", "pk": 142, "fields": {"admin": null, "homeroom": 14, "number": 13, "name": "심의석", "obtained": false, "code": "663238", "activated": "2022-09-13T06:42:03.568Z"}}, {"model": "school_report.student", "pk": 143, "fields": {"admin": null, "homeroom": 14, "number": 14, "name": "엄태후", "obtained": false, "code": "524530", "activated": "2022-09-13T06:42:03.568Z"}}, {"model": "school_report.student", "pk": 144, "fields": {"admin": null, "homeroom": 14, "number": 15, "name": "오찬식", "obtained": false, "code": "498996", "activated": "2022-09-13T06:42:03.568Z"}}, {"model": "school_report.student", "pk": 145, "fields": {"admin": null, "homeroom": 14, "number": 16, "name": "원준", "obtained": false, "code": "666778", "activated": "2022-09-13T06:42:03.568Z"}}, {"model": "school_report.student", "pk": 146, "fields": {"admin": null, "homeroom": 14, "number": 17, "name": "윤혁", "obtained": false, "code": "412312", "activated": "2022-09-13T06:42:03.568Z"}}, {"model": "school_report.student", "pk": 147, "fields": {"admin": null, "homeroom": 14, "number": 18, "name": "이동환", "obtained": false, "code": "498712", "activated": "2022-09-13T06:42:03.568Z"}}, {"model": "school_report.student", "pk": 148, "fields": {"admin": null, "homeroom": 14, "number": 19, "name": "이예성", "obtained": false, "code": "461727", "activated": "2022-09-13T06:42:03.568Z"}}, {"model": "school_report.student", "pk": 149, "fields": {"admin": null, "homeroom": 14, "number": 20, "name": "이준석", "obtained": false, "code": "189493", "activated": "2022-09-13T06:42:03.568Z"}}, {"model": "school_report.student", "pk": 150, "fields": {"admin": null, "homeroom": 14, "number": 21, "name": "임진우", "obtained": false, "code": "348229", "activated": "2022-09-13T06:42:03.568Z"}}, {"model": "school_report.student", "pk": 151, "fields": {"admin": null, "homeroom": 14, "number": 22, "name": "전현진", "obtained": false, "code": "707227", "activated": "2022-09-13T06:42:03.568Z"}}, {"model": "school_report.student", "pk": 152, "fields": {"admin": null, "homeroom": 14, "number": 23, "name": "조민기", "obtained": false, "code": "668082", "activated": "2022-09-13T06:42:03.568Z"}}, {"model": "school_report.student", "pk": 153, "fields": {"admin": null, "homeroom": 14, "number": 24, "name": "진민성", "obtained": false, "code": "766639", "activated": "2022-09-13T06:42:03.568Z"}}, {"model": "school_report.student", "pk": 154, "fields": {"admin": null, "homeroom": 14, "number": 25, "name": "채윤호", "obtained": false, "code": "830075", "activated": "2022-09-13T06:42:03.568Z"}}, {"model": "school_report.student", "pk": 155, "fields": {"admin": null, "homeroom": 14, "number": 26, "name": "최원민", "obtained": false, "code": "244154", "activated": "2022-09-13T06:42:03.568Z"}}, {"model": "school_report.student", "pk": 156, "fields": {"admin": null, "homeroom": 14, "number": 27, "name": "최유현", "obtained": false, "code": "675955", "activated": "2022-09-13T06:42:03.568Z"}}, {"model": "school_report.student", "pk": 157, "fields": {"admin": null, "homeroom": 14, "number": 28, "name": "홍으뜸", "obtained": false, "code": "267653", "activated": "2022-09-13T06:42:03.568Z"}}, {"model": "sites.site", "pk": 1, "fields": {"domain": "example.com", "name": "example.com"}}, {"model": "socialaccount.socialapp", "pk": 1, "fields": {"provider": "naver", "name": "네이버", "client_id": "lM_70YpkgvtnNNXJehFj", "secret": "tcBLg0zuJY", "key": "", "sites": [1]}}, {"model": "socialaccount.socialapp", "pk": 2, "fields": {"provider": "kakao", "name": "카카오", "client_id": "113bc3db210e6b3a715efdeb290a73ba", "secret": "", "key": "", "sites": [1]}}, {"model": "socialaccount.socialaccount", "pk": 5, "fields": {"user": 6, "provider": "naver", "uid": "18170772", "last_login": "2022-09-07T01:33:22.897Z", "date_joined": "2022-05-11T13:07:19.970Z", "extra_data": "{\"id\": \"18170772\", \"name\": \"\\uc774\\uc9c4\\ud55c\"}"}}, {"model": "socialaccount.socialaccount", "pk": 7, "fields": {"user": 10, "provider": "kakao", "uid": "2225845318", "last_login": "2022-06-22T07:38:29.722Z", "date_joined": "2022-05-15T11:24:15.077Z", "extra_data": "{\"id\": 2225845318, \"connected_at\": \"2022-05-02T08:35:41Z\", \"properties\": {\"nickname\": \"\\uc774\\uc9c4\\ud55c\"}, \"kakao_account\": {\"profile_nickname_needs_agreement\": false, \"profile\": {\"nickname\": \"\\uc774\\uc9c4\\ud55c\"}}}"}}]
